passage_id,doc_id,title,passage_text,url
passage_000001,doc_000001,VBHN 12/VBHN-VPQH năm 2026 - Luật Thuế giá trị gia tăng,"Chương I - Những quy định chung. Điều 1 - Phạm vi điều chỉnh: Luật này quy định về đối tượng chịu thuế, đối tượng không chịu thuế, người nộp thuế, căn cứ và phương pháp tính thuế, khấu trừ và hoàn thuế giá trị gia tăng",https://vanban.chinhphu.vn/?docid=216941&pageid=27160
passage_000002,doc_000001,VBHN 12/VBHN-VPQH năm 2026 - Luật Thuế giá trị gia tăng,"Chương I - Những quy định chung. Điều 2 - Thuế giá trị gia tăng: Thuế giá trị gia tăng là thuế tính trên giá trị tăng thêm của hàng hóa, dịch vụ phát sinh trong quá trình từ sản xuất, lưu thông đến tiêu dùng",https://vanban.chinhphu.vn/?docid=216941&pageid=27160
passage_000003,doc_000001,VBHN 12/VBHN-VPQH năm 2026 - Luật Thuế giá trị gia tăng,"Chương I - Những quy định chung. Điều 3 - Đối tượng chịu thuế: Hàng hóa, dịch vụ sử dụng cho sản xuất, kinh doanh và tiêu dùng ở Việt Nam là đối tượng chịu thuế giá trị gia tăng, trừ các đối tượng quy định tại Điều 5 của Luật này",https://vanban.chinhphu.vn/?docid=216941&pageid=27160
passage_000004,doc_000001,VBHN 12/VBHN-VPQH năm 2026 - Luật Thuế giá trị gia tăng,"Chương I - Những quy định chung. Điều 4 - Người nộp thuế. Khoản 1: Tổ chức, hộ, cá nhân sản xuất, kinh doanh hàng hóa, dịch vụ chịu thuế giá trị gia tăng (sau đây gọi là cơ sở kinh doanh)",https://vanban.chinhphu.vn/?docid=216941&pageid=27160
passage_000005,doc_000001,VBHN 12/VBHN-VPQH năm 2026 - Luật Thuế giá trị gia tăng,"Chương I - Những quy định chung. Điều 4 - Người nộp thuế. Khoản 2: Tổ chức, cá nhân nhập khẩu hàng hóa chịu thuế giá trị gia tăng (sau đây gọi là người nhập khẩu)",https://vanban.chinhphu.vn/?docid=216941&pageid=27160
passage_000006,doc_000001,VBHN 12/VBHN-VPQH năm 2026 - Luật Thuế giá trị gia tăng,"Chương I - Những quy định chung. Điều 4 - Người nộp thuế. Khoản 3: Tổ chức, cá nhân sản xuất, kinh doanh tại Việt Nam mua dịch vụ (kể cả trường hợp mua dịch vụ gắn với hàng hóa) của tổ chức nước ngoài không có cơ sở thường trú tại Việt Nam, cá nhân ở nước ngoài là đối tượng không cư trú tại Việt Nam, trừ trường hợp quy định tại khoản 4 và khoản 5 Điều này; tổ chức sản xuất, kinh doanh tại Việt Nam mua hàng hóa, dịch vụ để tiến hành hoạt động tìm kiếm thăm dò, phát triển mỏ dầu khí và khai thác dầu khí của tổ chức nước ngoài không có cơ sở thường trú tại Việt Nam, cá nhân ở nước ngoài là đối tượng không cư trú tại Việt Nam",https://vanban.chinhphu.vn/?docid=216941&pageid=27160
passage_000007,doc_000001,VBHN 12/VBHN-VPQH năm 2026 - Luật Thuế giá trị gia tăng,"Chương I - Những quy định chung. Điều 4 - Người nộp thuế. Khoản 4: Nhà cung cấp nước ngoài không có cơ sở thường trú tại Việt Nam có hoạt động kinh doanh thương mại điện tử, kinh doanh dựa trên nền tảng số với tổ chức, cá nhân tại Việt Nam (sau đây gọi là nhà cung cấp nước ngoài); tổ chức là nhà quản lý nền tảng số nước ngoài thực hiện khấu trừ, nộp thay nghĩa vụ thuế phải nộp của nhà cung cấp nước ngoài; tổ chức kinh doanh tại Việt Nam áp dụng phương pháp tính thuế giá trị gia tăng là phương pháp khấu trừ thuế mua dịch vụ của nhà cung cấp nước ngoài không có cơ sở thường trú tại Việt Nam thông qua kênh thương mại điện tử hoặc các nền tảng số thực hiện khấu trừ, nộp thay nghĩa vụ thuế phải nộp của nhà cung cấp nước ngoài",https://vanban.chinhphu.vn/?docid=216941&pageid=27160
passage_000008,doc_000001,VBHN 12/VBHN-VPQH năm 2026 - Luật Thuế giá trị gia tăng,"Chương I - Những quy định chung. Điều 4 - Người nộp thuế. Khoản 5: Tổ chức là nhà quản lý sàn giao dịch thương mại điện tử, nhà quản lý nền tảng số có chức năng thanh toán thực hiện khấu trừ, nộp thuế thay, kê khai số thuế đã khấu trừ cho hộ kinh doanh, cá nhân kinh doanh trên sàn thương mại điện tử, nền tảng số",https://vanban.chinhphu.vn/?docid=216941&pageid=27160
passage_000009,doc_000001,VBHN 12/VBHN-VPQH năm 2026 - Luật Thuế giá trị gia tăng,"Chương I - Những quy định chung. Điều 5 - Đối tượng không chịu thuế. Khoản 1: Sản phẩm cây trồng, rừng trồng, chăn nuôi, thủy sản nuôi trồng, đánh bắt chưa chế biến thành các sản phẩm khác hoặc chỉ qua sơ chế thông thường của tổ chức, cá nhân tự sản xuất, đánh bắt bán ra và ở khâu nhập khẩu. Doanh nghiệp, hợp tác xã, liên hiệp hợp tác xã mua sản phẩm cây trồng, rừng trồng, chăn nuôi, thủy sản nuôi trồng, đánh bắt chưa chế biến thành các sản phẩm khác hoặc chỉ qua sơ chế thông thường bán cho doanh nghiệp, hợp tác xã, liên hiệp hợp tác xã khác thì không phải kê khai, tính nộp thuế giá trị gia tăng nhưng được khấu trừ thuế giá trị gia tăng đầu vào",https://vanban.chinhphu.vn/?docid=216941&pageid=27160
passage_000010,doc_000001,VBHN 12/VBHN-VPQH năm 2026 - Luật Thuế giá trị gia tăng,"Chương I - Những quy định chung. Điều 5 - Đối tượng không chịu thuế. Khoản 2: Sản phẩm giống vật nuôi theo quy định của pháp luật về chăn nuôi, vật liệu nhân giống cây trồng theo quy định của pháp luật về trồng trọt",https://vanban.chinhphu.vn/?docid=216941&pageid=27160
passage_000011,doc_000001,VBHN 12/VBHN-VPQH năm 2026 - Luật Thuế giá trị gia tăng,Chương I - Những quy định chung. Điều 5 - Đối tượng không chịu thuế. Khoản 3: Thức ăn chăn nuôi theo quy định của pháp luật về chăn nuôi; thức ăn thủy sản theo quy định của pháp luật về thủy sản,https://vanban.chinhphu.vn/?docid=216941&pageid=27160
passage_000012,doc_000001,VBHN 12/VBHN-VPQH năm 2026 - Luật Thuế giá trị gia tăng,"Chương I - Những quy định chung. Điều 5 - Đối tượng không chịu thuế. Khoản 4: Sản phẩm muối được sản xuất từ nước biển, muối mỏ tự nhiên, muối tinh, muối i-ốt mà thành phần chính là Na-tri-clo-rua (NaCl)",https://vanban.chinhphu.vn/?docid=216941&pageid=27160
passage_000013,doc_000001,VBHN 12/VBHN-VPQH năm 2026 - Luật Thuế giá trị gia tăng,Chương I - Những quy định chung. Điều 5 - Đối tượng không chịu thuế. Khoản 5: Nhà ở thuộc tài sản công do Nhà nước bán cho người đang thuê,https://vanban.chinhphu.vn/?docid=216941&pageid=27160
passage_000014,doc_000001,VBHN 12/VBHN-VPQH năm 2026 - Luật Thuế giá trị gia tăng,"Chương I - Những quy định chung. Điều 5 - Đối tượng không chịu thuế. Khoản 6: Tưới, tiêu nước; cày, bừa đất; nạo vét kênh, mương nội đồng phục vụ sản xuất nông nghiệp; dịch vụ thu hoạch sản phẩm nông nghiệp",https://vanban.chinhphu.vn/?docid=216941&pageid=27160
passage_000015,doc_000001,VBHN 12/VBHN-VPQH năm 2026 - Luật Thuế giá trị gia tăng,Chương I - Những quy định chung. Điều 5 - Đối tượng không chịu thuế. Khoản 7: Chuyển quyền sử dụng đất,https://vanban.chinhphu.vn/?docid=216941&pageid=27160
passage_000016,doc_000001,VBHN 12/VBHN-VPQH năm 2026 - Luật Thuế giá trị gia tăng,"Chương I - Những quy định chung. Điều 5 - Đối tượng không chịu thuế. Khoản 8: Bảo hiểm nhân thọ, bảo hiểm sức khỏe, bảo hiểm người học, các dịch vụ bảo hiểm khác liên quan đến con người; bảo hiểm vật nuôi, bảo hiểm cây trồng, các dịch vụ bảo hiểm nông nghiệp khác; bảo hiểm tàu, thuyền, trang thiết bị và các dụng cụ cần thiết khác phục vụ trực tiếp đánh bắt thủy sản; tái bảo hiểm; bảo hiểm các công trình, thiết bị dầu khí, tàu chứa dầu mang quốc tịch nước ngoài do nhà thầu dầu khí hoặc nhà thầu phụ nước ngoài thuê để hoạt động tại vùng biển Việt Nam, vùng biển chồng lấn mà Việt Nam và các quốc gia có bờ biển tiếp liền hay đối diện đã thỏa thuận đặt dưới chế độ khai thác chung",https://vanban.chinhphu.vn/?docid=216941&pageid=27160
passage_000017,doc_000001,VBHN 12/VBHN-VPQH năm 2026 - Luật Thuế giá trị gia tăng,"Chương I - Những quy định chung. Điều 5 - Đối tượng không chịu thuế. Khoản 9, điểm a: Dịch vụ cấp tín dụng theo quy định của pháp luật về các tổ chức tín dụng và các khoản phí được nêu cụ thể tại Hợp đồng vay vốn của Chính phủ Việt Nam với Bên cho vay nước ngoài",https://vanban.chinhphu.vn/?docid=216941&pageid=27160
passage_000018,doc_000001,VBHN 12/VBHN-VPQH năm 2026 - Luật Thuế giá trị gia tăng,"Chương I - Những quy định chung. Điều 5 - Đối tượng không chịu thuế. Khoản 9, điểm b: Dịch vụ cho vay của người nộp thuế không phải là tổ chức tín dụng",https://vanban.chinhphu.vn/?docid=216941&pageid=27160
passage_000019,doc_000001,VBHN 12/VBHN-VPQH năm 2026 - Luật Thuế giá trị gia tăng,"Chương I - Những quy định chung. Điều 5 - Đối tượng không chịu thuế. Khoản 9, điểm c: Kinh doanh chứng khoán bao gồm môi giới chứng khoán, tự doanh chứng khoán, bảo lãnh phát hành chứng khoán, tư vấn đầu tư chứng khoán, quản lý quỹ đầu tư chứng khoán, quản lý danh mục đầu tư chứng khoán theo quy định của pháp luật về chứng khoán",https://vanban.chinhphu.vn/?docid=216941&pageid=27160
passage_000020,doc_000001,VBHN 12/VBHN-VPQH năm 2026 - Luật Thuế giá trị gia tăng,"Chương I - Những quy định chung. Điều 5 - Đối tượng không chịu thuế. Khoản 9, điểm d: Chuyển nhượng vốn bao gồm chuyển nhượng một phần hoặc toàn bộ số vốn đã đầu tư vào tổ chức kinh tế khác (không phân biệt có thành lập hay không thành lập pháp nhân mới), chuyển nhượng chứng khoán, chuyển nhượng quyền góp vốn và các hình thức chuyển nhượng vốn khác theo quy định của pháp luật, kể cả trường hợp bán doanh nghiệp cho doanh nghiệp khác để sản xuất, kinh doanh và doanh nghiệp mua kế thừa toàn bộ quyền và nghĩa vụ của doanh nghiệp bán theo quy định của pháp luật. Chuyển nhượng vốn quy định tại điểm này không bao gồm chuyển nhượng dự án đầu tư, bán tài sản",https://vanban.chinhphu.vn/?docid=216941&pageid=27160
passage_000021,doc_000001,VBHN 12/VBHN-VPQH năm 2026 - Luật Thuế giá trị gia tăng,"Chương I - Những quy định chung. Điều 5 - Đối tượng không chịu thuế. Khoản 9, điểm đ: Bán nợ bao gồm bán khoản phải trả và khoản phải thu",https://vanban.chinhphu.vn/?docid=216941&pageid=27160
passage_000022,doc_000001,VBHN 12/VBHN-VPQH năm 2026 - Luật Thuế giá trị gia tăng,"Chương I - Những quy định chung. Điều 5 - Đối tượng không chịu thuế. Khoản 9, điểm e: Kinh doanh ngoại tệ",https://vanban.chinhphu.vn/?docid=216941&pageid=27160
passage_000023,doc_000001,VBHN 12/VBHN-VPQH năm 2026 - Luật Thuế giá trị gia tăng,"Chương I - Những quy định chung. Điều 5 - Đối tượng không chịu thuế. Khoản 9, điểm g: Sản phẩm phái sinh theo quy định của pháp luật về các tổ chức tín dụng, pháp luật về chứng khoán và pháp luật về thương mại, bao gồm: hoán đổi lãi suất; hợp đồng kỳ hạn; hợp đồng tương lai; hợp đồng quyền chọn mua, chọn bán và sản phẩm phái sinh khác",https://vanban.chinhphu.vn/?docid=216941&pageid=27160
passage_000024,doc_000001,VBHN 12/VBHN-VPQH năm 2026 - Luật Thuế giá trị gia tăng,"Chương I - Những quy định chung. Điều 5 - Đối tượng không chịu thuế. Khoản 9, điểm h: Bán tài sản bảo đảm của khoản nợ của tổ chức mà Nhà nước sở hữu 100% vốn điều lệ do Chính phủ thành lập có chức năng mua, bán nợ để xử lý nợ xấu của các tổ chức tín dụng Việt Nam",https://vanban.chinhphu.vn/?docid=216941&pageid=27160
passage_000025,doc_000001,VBHN 12/VBHN-VPQH năm 2026 - Luật Thuế giá trị gia tăng,"Chương I - Những quy định chung. Điều 5 - Đối tượng không chịu thuế. Khoản 10, điểm a: Dịch vụ y tế bao gồm: dịch vụ khám bệnh, chữa bệnh, phòng bệnh cho người, dịch vụ sinh đẻ có kế hoạch, dịch vụ điều dưỡng sức khoẻ, phục hồi chức năng cho người bệnh; dịch vụ chăm sóc người cao tuổi, người khuyết tật; vận chuyển người bệnh, dịch vụ cho thuê phòng bệnh, giường bệnh của các cơ sở y tế; xét nghiệm, chiếu, chụp; máu và chế phẩm máu dùng cho người bệnh. Dịch vụ chăm sóc người cao tuổi, người khuyết tật bao gồm cả chăm sóc về y tế, dinh dưỡng và tổ chức các hoạt động văn hóa, thể thao, giải trí, vật lý trị liệu, phục hồi chức năng cho người cao tuổi, người khuyết tật. Trường hợp trong gói dịch vụ chữa bệnh theo quy định của Bộ Y tế bao gồm cả sử dụng thuốc chữa bệnh thì khoản thu từ tiền thuốc chữa bệnh nằm trong gói dịch vụ chữa bệnh cũng thuộc đối tượng không chịu thuế giá trị gia tăng",https://vanban.chinhphu.vn/?docid=216941&pageid=27160
passage_000026,doc_000001,VBHN 12/VBHN-VPQH năm 2026 - Luật Thuế giá trị gia tăng,"Chương I - Những quy định chung. Điều 5 - Đối tượng không chịu thuế. Khoản 10, điểm b: Dịch vụ thú y bao gồm: dịch vụ khám bệnh, chữa bệnh, phòng bệnh cho vật nuôi",https://vanban.chinhphu.vn/?docid=216941&pageid=27160
passage_000027,doc_000001,VBHN 12/VBHN-VPQH năm 2026 - Luật Thuế giá trị gia tăng,Chương I - Những quy định chung. Điều 5 - Đối tượng không chịu thuế. Khoản 11: Dịch vụ tang lễ,https://vanban.chinhphu.vn/?docid=216941&pageid=27160
passage_000028,doc_000001,VBHN 12/VBHN-VPQH năm 2026 - Luật Thuế giá trị gia tăng,"Chương I - Những quy định chung. Điều 5 - Đối tượng không chịu thuế. Khoản 12: Hoạt động duy tu, sửa chữa, xây dựng bằng nguồn vốn đóng góp của nhân dân, vốn viện trợ nhân đạo (chiếm từ 50% tổng số vốn sử dụng cho công trình trở lên) đối với các di tích lịch sử - văn hóa, danh lam thắng cảnh, các công trình văn hóa, nghệ thuật, công trình phục vụ công cộng, cơ sở hạ tầng và nhà ở cho đối tượng chính sách xã hội",https://vanban.chinhphu.vn/?docid=216941&pageid=27160
passage_000029,doc_000001,VBHN 12/VBHN-VPQH năm 2026 - Luật Thuế giá trị gia tăng,"Chương I - Những quy định chung. Điều 5 - Đối tượng không chịu thuế. Khoản 13: Hoạt động dạy học, dạy nghề theo quy định của pháp luật về giáo dục, giáo dục nghề nghiệp",https://vanban.chinhphu.vn/?docid=216941&pageid=27160
passage_000030,doc_000001,VBHN 12/VBHN-VPQH năm 2026 - Luật Thuế giá trị gia tăng,"Chương I - Những quy định chung. Điều 5 - Đối tượng không chịu thuế. Khoản 14: Phát sóng truyền thanh, truyền hình bằng nguồn vốn ngân sách nhà nước",https://vanban.chinhphu.vn/?docid=216941&pageid=27160
passage_000031,doc_000001,VBHN 12/VBHN-VPQH năm 2026 - Luật Thuế giá trị gia tăng,"Chương I - Những quy định chung. Điều 5 - Đối tượng không chịu thuế. Khoản 15: Xuất bản, nhập khẩu, phát hành báo, tạp chí, bản tin, đặc san, sách chính trị, sách giáo khoa, giáo trình, sách văn bản pháp luật, sách khoa học - kỹ thuật, sách phục vụ thông tin đối ngoại, sách in bằng chữ dân tộc thiểu số và tranh, ảnh, áp phích tuyên truyền cổ động, kể cả dưới dạng băng hoặc đĩa ghi tiếng, ghi hình, dữ liệu điện tử; tiền, in tiền",https://vanban.chinhphu.vn/?docid=216941&pageid=27160
passage_000032,doc_000001,VBHN 12/VBHN-VPQH năm 2026 - Luật Thuế giá trị gia tăng,"Chương I - Những quy định chung. Điều 5 - Đối tượng không chịu thuế. Khoản 16: Vận chuyển hành khách công cộng bằng xe buýt, tàu điện, phương tiện thủy nội địa",https://vanban.chinhphu.vn/?docid=216941&pageid=27160
passage_000033,doc_000001,VBHN 12/VBHN-VPQH năm 2026 - Luật Thuế giá trị gia tăng,"Chương I - Những quy định chung. Điều 5 - Đối tượng không chịu thuế. Khoản 17: Máy móc, thiết bị, phụ tùng, vật tư thuộc loại trong nước chưa sản xuất được cần nhập khẩu để sử dụng trực tiếp cho hoạt động nghiên cứu khoa học, phát triển công nghệ; máy móc, thiết bị, phụ tùng thay thế, phương tiện vận tải chuyên dùng và vật tư thuộc loại trong nước chưa sản xuất được cần nhập khẩu để tiến hành hoạt động tìm kiếm thăm dò, phát triển mỏ dầu khí; máy bay, trực thăng, tàu lượn, giàn khoan, tàu thuyền thuộc loại trong nước chưa sản xuất được cần nhập khẩu để tạo tài sản cố định của doanh nghiệp hoặc thuê của nước ngoài để sử dụng cho sản xuất, kinh doanh, cho thuê",https://vanban.chinhphu.vn/?docid=216941&pageid=27160
passage_000034,doc_000001,VBHN 12/VBHN-VPQH năm 2026 - Luật Thuế giá trị gia tăng,"Chương I - Những quy định chung. Điều 5 - Đối tượng không chịu thuế. Khoản 18: Sản phẩm quốc phòng, an ninh theo danh mục do Bộ trưởng Bộ Quốc phòng, Bộ trưởng Bộ Công an ban hành; sản phẩm, dịch vụ nhập khẩu phục vụ công nghiệp quốc phòng, an ninh theo danh mục do Thủ tướng Chính phủ ban hành",https://vanban.chinhphu.vn/?docid=216941&pageid=27160
passage_000035,doc_000001,VBHN 12/VBHN-VPQH năm 2026 - Luật Thuế giá trị gia tăng,"Chương I - Những quy định chung. Điều 5 - Đối tượng không chịu thuế. Khoản 19: Hàng hóa nhập khẩu trong trường hợp viện trợ nhân đạo, viện trợ không hoàn lại. Hàng hóa, dịch vụ bán cho tổ chức, cá nhân nước ngoài, tổ chức quốc tế để viện trợ nhân đạo, viện trợ không hoàn lại cho Việt Nam",https://vanban.chinhphu.vn/?docid=216941&pageid=27160
passage_000036,doc_000001,VBHN 12/VBHN-VPQH năm 2026 - Luật Thuế giá trị gia tăng,"Chương I - Những quy định chung. Điều 5 - Đối tượng không chịu thuế. Khoản 20: Hàng hóa chuyển khẩu, quá cảnh qua lãnh thổ Việt Nam; hàng tạm nhập khẩu, tái xuất khẩu; hàng tạm xuất khẩu, tái nhập khẩu; nguyên liệu nhập khẩu để sản xuất, gia công hàng hóa xuất khẩu theo hợp đồng sản xuất, gia công xuất khẩu ký kết với bên nước ngoài; hàng hóa, dịch vụ được mua bán giữa nước ngoài với các khu phi thuế quan và giữa các khu phi thuế quan với nhau. Hàng hóa nhập khẩu từ nước ngoài của công ty cho thuê tài chính được vận chuyển thẳng vào khu phi thuế quan để cho doanh nghiệp trong khu phi thuế quan thuê tài chính",https://vanban.chinhphu.vn/?docid=216941&pageid=27160
passage_000037,doc_000001,VBHN 12/VBHN-VPQH năm 2026 - Luật Thuế giá trị gia tăng,Chương I - Những quy định chung. Điều 5 - Đối tượng không chịu thuế. Khoản 21: Chuyển giao công nghệ theo quy định của Luật Chuyển giao công nghệ; chuyển nhượng quyền sở hữu trí tuệ theo quy định của Luật Sở hữu trí tuệ; sản phẩm phần mềm và dịch vụ phần mềm theo quy định của pháp luật,https://vanban.chinhphu.vn/?docid=216941&pageid=27160
passage_000038,doc_000001,VBHN 12/VBHN-VPQH năm 2026 - Luật Thuế giá trị gia tăng,"Chương I - Những quy định chung. Điều 5 - Đối tượng không chịu thuế. Khoản 22: Vàng dạng thỏi, miếng chưa được chế tác thành sản phẩm mỹ nghệ, đồ trang sức hay sản phẩm khác ở khâu nhập khẩu",https://vanban.chinhphu.vn/?docid=216941&pageid=27160
passage_000039,doc_000001,VBHN 12/VBHN-VPQH năm 2026 - Luật Thuế giá trị gia tăng,"Chương I - Những quy định chung. Điều 5 - Đối tượng không chịu thuế. Khoản 23: Sản phẩm xuất khẩu là tài nguyên, khoáng sản khai thác chưa chế biến thành sản phẩm khác và sản phẩm xuất khẩu là tài nguyên, khoáng sản khai thác đã chế biến thành sản phẩm khác theo Danh mục do Chính phủ quy định phù hợp với định hướng của nhà nước về không khuyến khích xuất khẩu, hạn chế xuất khẩu các tài nguyên, khoáng sản thô",https://vanban.chinhphu.vn/?docid=216941&pageid=27160
passage_000040,doc_000001,VBHN 12/VBHN-VPQH năm 2026 - Luật Thuế giá trị gia tăng,"Chương I - Những quy định chung. Điều 5 - Đối tượng không chịu thuế. Khoản 24: Sản phẩm nhân tạo dùng để thay thế cho bộ phận cơ thể của người bệnh, bao gồm cả sản phẩm là bộ phận cấy ghép lâu dài trong cơ thể người; nạng, xe lăn và dụng cụ chuyên dùng khác cho người khuyết tật",https://vanban.chinhphu.vn/?docid=216941&pageid=27160
passage_000041,doc_000001,VBHN 12/VBHN-VPQH năm 2026 - Luật Thuế giá trị gia tăng,"Chương I - Những quy định chung. Điều 5 - Đối tượng không chịu thuế. Khoản 25: Hàng hóa, dịch vụ của hộ, cá nhân sản xuất, kinh doanh có mức doanh thu năm từ 500 triệu đồng trở xuống; tài sản của tổ chức, cá nhân không kinh doanh, không phải là người nộp thuế giá trị gia tăng bán ra; hàng dự trữ quốc gia do cơ quan dự trữ quốc gia bán ra; các khoản thu phí, lệ phí theo quy định của pháp luật về phí và lệ phí",https://vanban.chinhphu.vn/?docid=216941&pageid=27160
passage_000042,doc_000001,VBHN 12/VBHN-VPQH năm 2026 - Luật Thuế giá trị gia tăng,"Chương I - Những quy định chung. Điều 5 - Đối tượng không chịu thuế. Khoản 26, điểm a: Quà tặng cho cơ quan nhà nước, tổ chức chính trị, tổ chức chính trị - xã hội, tổ chức chính trị xã hội - nghề nghiệp, tổ chức xã hội, tổ chức xã hội - nghề nghiệp, đơn vị vũ trang nhân dân trong định mức miễn thuế nhập khẩu theo quy định của pháp luật về thuế xuất khẩu, thuế nhập khẩu",https://vanban.chinhphu.vn/?docid=216941&pageid=27160
passage_000043,doc_000001,VBHN 12/VBHN-VPQH năm 2026 - Luật Thuế giá trị gia tăng,"Chương I - Những quy định chung. Điều 5 - Đối tượng không chịu thuế. Khoản 26, điểm b: Quà biếu, quà tặng trong định mức miễn thuế nhập khẩu theo quy định của pháp luật về thuế xuất khẩu, thuế nhập khẩu của tổ chức, cá nhân nước ngoài cho cá nhân Việt Nam; đồ dùng của tổ chức, cá nhân nước ngoài theo tiêu chuẩn miễn trừ ngoại giao và tài sản di chuyển trong định mức miễn thuế nhập khẩu theo quy định của pháp luật về thuế xuất khẩu, thuế nhập khẩu",https://vanban.chinhphu.vn/?docid=216941&pageid=27160
passage_000044,doc_000001,VBHN 12/VBHN-VPQH năm 2026 - Luật Thuế giá trị gia tăng,"Chương I - Những quy định chung. Điều 5 - Đối tượng không chịu thuế. Khoản 26, điểm c: Hàng hóa trong tiêu chuẩn hành lý miễn thuế nhập khẩu theo quy định của pháp luật về thuế xuất khẩu, thuế nhập khẩu",https://vanban.chinhphu.vn/?docid=216941&pageid=27160
passage_000045,doc_000001,VBHN 12/VBHN-VPQH năm 2026 - Luật Thuế giá trị gia tăng,"Chương I - Những quy định chung. Điều 5 - Đối tượng không chịu thuế. Khoản 26, điểm d: Hàng hóa nhập khẩu ủng hộ, tài trợ cho phòng, chống, khắc phục hậu quả thảm họa, thiên tai, dịch bệnh, chiến tranh theo quy định của Chính phủ",https://vanban.chinhphu.vn/?docid=216941&pageid=27160
passage_000046,doc_000001,VBHN 12/VBHN-VPQH năm 2026 - Luật Thuế giá trị gia tăng,"Chương I - Những quy định chung. Điều 5 - Đối tượng không chịu thuế. Khoản 26, điểm đ: Hàng hóa mua bán, trao đổi qua biên giới để phục vụ cho sản xuất, tiêu dùng của cư dân biên giới thuộc Danh mục hàng hóa mua bán, trao đổi của cư dân biên giới theo quy định của pháp luật và trong định mức miễn thuế nhập khẩu theo quy định của pháp luật về thuế xuất khẩu, thuế nhập khẩu",https://vanban.chinhphu.vn/?docid=216941&pageid=27160
passage_000047,doc_000001,VBHN 12/VBHN-VPQH năm 2026 - Luật Thuế giá trị gia tăng,"Chương I - Những quy định chung. Điều 5 - Đối tượng không chịu thuế. Khoản 26, điểm e: Di vật, cổ vật, bảo vật quốc gia theo quy định của pháp luật về di sản văn hóa do cơ quan nhà nước có thẩm quyền nhập khẩu",https://vanban.chinhphu.vn/?docid=216941&pageid=27160
passage_000048,doc_000001,VBHN 12/VBHN-VPQH năm 2026 - Luật Thuế giá trị gia tăng,"Chương I - Những quy định chung. Điều 5 - Đối tượng không chịu thuế. Khoản 27: Cơ sở kinh doanh hàng hóa, dịch vụ không chịu thuế giá trị gia tăng quy định tại Điều này không được khấu trừ, không được hoàn thuế giá trị gia tăng đầu vào, trừ trường hợp được áp dụng mức thuế suất 0% quy định tại khoản 1 Điều 9 của Luật này",https://vanban.chinhphu.vn/?docid=216941&pageid=27160
passage_000049,doc_000001,VBHN 12/VBHN-VPQH năm 2026 - Luật Thuế giá trị gia tăng,Chương II - Căn cứ và phương pháp tính thuế. Điều 6 - Căn cứ tính thuế: Căn cứ tính thuế giá trị gia tăng là giá tính thuế và thuế suất,https://vanban.chinhphu.vn/?docid=216941&pageid=27160
passage_000050,doc_000001,VBHN 12/VBHN-VPQH năm 2026 - Luật Thuế giá trị gia tăng,"Chương II - Căn cứ và phương pháp tính thuế. Điều 7 - Giá tính thuế. Khoản 1, điểm a: Đối với hàng hóa, dịch vụ do cơ sở kinh doanh bán ra là giá bán chưa có thuế giá trị gia tăng; đối với hàng hóa, dịch vụ chịu thuế tiêu thụ đặc biệt là giá bán đã có thuế tiêu thụ đặc biệt nhưng chưa có thuế giá trị gia tăng; đối với hàng hóa chịu thuế bảo vệ môi trường là giá bán đã có thuế bảo vệ môi trường nhưng chưa có thuế giá trị gia tăng; đối với hàng hóa chịu thuế tiêu thụ đặc biệt và thuế bảo vệ môi trường là giá bán đã có thuế tiêu thụ đặc biệt và thuế bảo vệ môi trường nhưng chưa có thuế giá trị gia tăng",https://vanban.chinhphu.vn/?docid=216941&pageid=27160
passage_000051,doc_000001,VBHN 12/VBHN-VPQH năm 2026 - Luật Thuế giá trị gia tăng,"Chương II - Căn cứ và phương pháp tính thuế. Điều 7 - Giá tính thuế. Khoản 1, điểm b: Đối với hàng hóa nhập khẩu là trị giá tính thuế nhập khẩu theo quy định của pháp luật về thuế xuất khẩu, thuế nhập khẩu cộng với thuế nhập khẩu cộng với các khoản thuế là thuế nhập khẩu bổ sung theo quy định của pháp luật (nếu có), cộng với thuế tiêu thụ đặc biệt (nếu có) và cộng với thuế bảo vệ môi trường (nếu có)",https://vanban.chinhphu.vn/?docid=216941&pageid=27160
passage_000052,doc_000001,VBHN 12/VBHN-VPQH năm 2026 - Luật Thuế giá trị gia tăng,"Chương II - Căn cứ và phương pháp tính thuế. Điều 7 - Giá tính thuế. Khoản 1, điểm c: Đối với hàng hóa, dịch vụ dùng để trao đổi, tiêu dùng nội bộ, biếu, tặng, cho là giá tính thuế giá trị gia tăng của hàng hóa, dịch vụ cùng loại hoặc tương đương tại thời điểm phát sinh các hoạt động này. Đối với hàng hóa, dịch vụ dùng để khuyến mại theo quy định của pháp luật về thương mại, giá tính thuế được xác định bằng không (0)",https://vanban.chinhphu.vn/?docid=216941&pageid=27160
passage_000053,doc_000001,VBHN 12/VBHN-VPQH năm 2026 - Luật Thuế giá trị gia tăng,"Chương II - Căn cứ và phương pháp tính thuế. Điều 7 - Giá tính thuế. Khoản 1, điểm d: Đối với hoạt động cho thuê tài sản là số tiền cho thuê chưa có thuế giá trị gia tăng. Trường hợp cho thuê theo hình thức trả tiền thuê từng kỳ hoặc trả trước tiền thuê cho thời hạn thuê thì giá tính thuế là số tiền cho thuê trả từng kỳ hoặc trả trước cho thời hạn thuê chưa có thuế giá trị gia tăng",https://vanban.chinhphu.vn/?docid=216941&pageid=27160
passage_000054,doc_000001,VBHN 12/VBHN-VPQH năm 2026 - Luật Thuế giá trị gia tăng,"Chương II - Căn cứ và phương pháp tính thuế. Điều 7 - Giá tính thuế. Khoản 1, điểm đ: Đối với hàng hóa bán theo phương thức trả góp, trả chậm là giá tính theo giá bán trả một lần chưa có thuế giá trị gia tăng của hàng hóa đó, không bao gồm khoản lãi trả góp, lãi trả chậm",https://vanban.chinhphu.vn/?docid=216941&pageid=27160
passage_000055,doc_000001,VBHN 12/VBHN-VPQH năm 2026 - Luật Thuế giá trị gia tăng,"Chương II - Căn cứ và phương pháp tính thuế. Điều 7 - Giá tính thuế. Khoản 1, điểm e: Đối với gia công hàng hóa là giá gia công chưa có thuế giá trị gia tăng",https://vanban.chinhphu.vn/?docid=216941&pageid=27160
passage_000056,doc_000001,VBHN 12/VBHN-VPQH năm 2026 - Luật Thuế giá trị gia tăng,"Chương II - Căn cứ và phương pháp tính thuế. Điều 7 - Giá tính thuế. Khoản 1, điểm g: Đối với hoạt động xây dựng, lắp đặt là giá trị công trình, hạng mục công trình hay phần công việc thực hiện bàn giao chưa có thuế giá trị gia tăng. Trường hợp xây dựng, lắp đặt không bao thầu nguyên vật liệu, máy móc, thiết bị thì giá tính thuế là giá trị xây dựng, lắp đặt không bao gồm giá trị nguyên vật liệu và máy móc, thiết bị",https://vanban.chinhphu.vn/?docid=216941&pageid=27160
passage_000057,doc_000001,VBHN 12/VBHN-VPQH năm 2026 - Luật Thuế giá trị gia tăng,"Chương II - Căn cứ và phương pháp tính thuế. Điều 7 - Giá tính thuế. Khoản 1, điểm h: Đối với hoạt động kinh doanh bất động sản là giá bán bất động sản chưa có thuế giá trị gia tăng trừ tiền sử dụng đất hoặc tiền thuê đất nộp ngân sách nhà nước (giá đất được trừ). Chính phủ quy định việc xác định giá đất được trừ quy định tại điểm này phù hợp với quy định của pháp luật về đất đai",https://vanban.chinhphu.vn/?docid=216941&pageid=27160
passage_000058,doc_000001,VBHN 12/VBHN-VPQH năm 2026 - Luật Thuế giá trị gia tăng,"Chương II - Căn cứ và phương pháp tính thuế. Điều 7 - Giá tính thuế. Khoản 1, điểm i: Đối với hoạt động đại lý, môi giới mua bán hàng hóa và dịch vụ hưởng hoa hồng là tiền hoa hồng thu được từ các hoạt động này chưa có thuế giá trị gia tăng",https://vanban.chinhphu.vn/?docid=216941&pageid=27160
passage_000059,doc_000001,VBHN 12/VBHN-VPQH năm 2026 - Luật Thuế giá trị gia tăng,"Chương II - Căn cứ và phương pháp tính thuế. Điều 7 - Giá tính thuế. Khoản 1, điểm l: Đối với dịch vụ kinh doanh ca-si-nô, trò chơi điện tử có thưởng, đặt cược là số tiền thu được từ hoạt động này trừ số tiền đã đổi trả cho khách không sử dụng hết và số tiền trả thưởng cho khách (nếu có), đã có thuế tiêu thụ đặc biệt, chưa có thuế giá trị gia tăng",https://vanban.chinhphu.vn/?docid=216941&pageid=27160
passage_000060,doc_000001,VBHN 12/VBHN-VPQH năm 2026 - Luật Thuế giá trị gia tăng,"Chương II - Căn cứ và phương pháp tính thuế. Điều 7 - Giá tính thuế. Khoản 1, điểm m: Đối với các hoạt động sản xuất, kinh doanh gồm: hoạt động sản xuất điện của Tập đoàn Điện lực Việt Nam; vận tải, bốc xếp; dịch vụ du lịch theo hình thức lữ hành; dịch vụ cầm đồ; sách chịu thuế giá trị gia tăng bán theo đúng giá phát hành (giá bìa); hoạt động in; dịch vụ đại lý giám định, đại lý xét bồi thường, đại lý đòi người thứ ba bồi hoàn, đại lý xử lý hàng bồi thường 100% hưởng tiền công hoặc tiền hoa hồng thì giá tính thuế là giá bán chưa có thuế giá trị gia tăng. Chính phủ quy định giá tính thuế đối với các hoạt động sản xuất, kinh doanh quy định tại điểm này",https://vanban.chinhphu.vn/?docid=216941&pageid=27160
passage_000061,doc_000001,VBHN 12/VBHN-VPQH năm 2026 - Luật Thuế giá trị gia tăng,"Chương II - Căn cứ và phương pháp tính thuế. Điều 7 - Giá tính thuế. Khoản 2: Giá tính thuế đối với hàng hóa, dịch vụ quy định tại khoản 1 Điều này bao gồm cả khoản phụ thu và phí thu thêm mà cơ sở kinh doanh được hưởng",https://vanban.chinhphu.vn/?docid=216941&pageid=27160
passage_000062,doc_000001,VBHN 12/VBHN-VPQH năm 2026 - Luật Thuế giá trị gia tăng,"Chương II - Căn cứ và phương pháp tính thuế. Điều 8 - Thời điểm xác định thuế giá trị gia tăng. Khoản 1, điểm a: Đối với hàng hóa là thời điểm chuyển giao quyền sở hữu hoặc quyền sử dụng hàng hóa cho người mua hoặc thời điểm lập hóa đơn, không phân biệt đã thu được tiền hay chưa thu được tiền",https://vanban.chinhphu.vn/?docid=216941&pageid=27160
passage_000063,doc_000001,VBHN 12/VBHN-VPQH năm 2026 - Luật Thuế giá trị gia tăng,"Chương II - Căn cứ và phương pháp tính thuế. Điều 8 - Thời điểm xác định thuế giá trị gia tăng. Khoản 1, điểm b: Đối với dịch vụ là thời điểm hoàn thành việc cung cấp dịch vụ hoặc thời điểm lập hóa đơn cung cấp dịch vụ, không phân biệt đã thu được tiền hay chưa thu được tiền",https://vanban.chinhphu.vn/?docid=216941&pageid=27160
passage_000064,doc_000001,VBHN 12/VBHN-VPQH năm 2026 - Luật Thuế giá trị gia tăng,"Chương II - Căn cứ và phương pháp tính thuế. Điều 8 - Thời điểm xác định thuế giá trị gia tăng. Khoản 2, điểm a: Hàng hóa xuất khẩu, hàng hóa nhập khẩu",https://vanban.chinhphu.vn/?docid=216941&pageid=27160
passage_000065,doc_000001,VBHN 12/VBHN-VPQH năm 2026 - Luật Thuế giá trị gia tăng,"Chương II - Căn cứ và phương pháp tính thuế. Điều 8 - Thời điểm xác định thuế giá trị gia tăng. Khoản 2, điểm b: Dịch vụ viễn thông",https://vanban.chinhphu.vn/?docid=216941&pageid=27160
passage_000066,doc_000001,VBHN 12/VBHN-VPQH năm 2026 - Luật Thuế giá trị gia tăng,"Chương II - Căn cứ và phương pháp tính thuế. Điều 8 - Thời điểm xác định thuế giá trị gia tăng. Khoản 2, điểm c: Dịch vụ kinh doanh bảo hiểm",https://vanban.chinhphu.vn/?docid=216941&pageid=27160
passage_000067,doc_000001,VBHN 12/VBHN-VPQH năm 2026 - Luật Thuế giá trị gia tăng,"Chương II - Căn cứ và phương pháp tính thuế. Điều 8 - Thời điểm xác định thuế giá trị gia tăng. Khoản 2, điểm d: Hoạt động cung cấp điện, hoạt động sản xuất điện, nước sạch",https://vanban.chinhphu.vn/?docid=216941&pageid=27160
passage_000068,doc_000001,VBHN 12/VBHN-VPQH năm 2026 - Luật Thuế giá trị gia tăng,"Chương II - Căn cứ và phương pháp tính thuế. Điều 8 - Thời điểm xác định thuế giá trị gia tăng. Khoản 2, điểm đ: Hoạt động kinh doanh bất động sản",https://vanban.chinhphu.vn/?docid=216941&pageid=27160
passage_000069,doc_000001,VBHN 12/VBHN-VPQH năm 2026 - Luật Thuế giá trị gia tăng,"Chương II - Căn cứ và phương pháp tính thuế. Điều 8 - Thời điểm xác định thuế giá trị gia tăng. Khoản 2, điểm e: Hoạt động xây dựng, lắp đặt và hoạt động dầu khí",https://vanban.chinhphu.vn/?docid=216941&pageid=27160
passage_000070,doc_000001,VBHN 12/VBHN-VPQH năm 2026 - Luật Thuế giá trị gia tăng,"Chương II - Căn cứ và phương pháp tính thuế. Điều 9 - Thuế suất. Khoản 1, điểm a: Hàng hóa xuất khẩu bao gồm: hàng hóa từ Việt Nam bán cho tổ chức, cá nhân ở nước ngoài và được tiêu dùng ở ngoài Việt Nam; hàng hóa từ nội địa Việt Nam bán cho tổ chức trong khu phi thuế quan và được tiêu dùng trong khu phi thuế quan phục vụ trực tiếp cho hoạt động sản xuất xuất khẩu; hàng hóa đã bán tại khu vực cách ly cho cá nhân (người nước ngoài hoặc người Việt Nam) đã làm thủ tục xuất cảnh; hàng hóa đã bán tại cửa hàng miễn thuế; hàng hóa xuất khẩu tại chỗ",https://vanban.chinhphu.vn/?docid=216941&pageid=27160
passage_000071,doc_000001,VBHN 12/VBHN-VPQH năm 2026 - Luật Thuế giá trị gia tăng,"Chương II - Căn cứ và phương pháp tính thuế. Điều 9 - Thuế suất. Khoản 1, điểm b: Dịch vụ xuất khẩu bao gồm: dịch vụ cung cấp trực tiếp cho tổ chức, cá nhân ở nước ngoài và được tiêu dùng ở ngoài Việt Nam; dịch vụ cung cấp trực tiếp cho tổ chức ở trong khu phi thuế quan và được tiêu dùng trong khu phi thuế quan phục vụ trực tiếp cho hoạt động sản xuất xuất khẩu",https://vanban.chinhphu.vn/?docid=216941&pageid=27160
passage_000072,doc_000001,VBHN 12/VBHN-VPQH năm 2026 - Luật Thuế giá trị gia tăng,"Chương II - Căn cứ và phương pháp tính thuế. Điều 9 - Thuế suất. Khoản 1, điểm c: Hàng hóa, dịch vụ xuất khẩu khác bao gồm: vận tải quốc tế; dịch vụ cho thuê phương tiện vận tải được sử dụng ngoài phạm vi lãnh thổ Việt Nam; dịch vụ của ngành hàng không, hàng hải cung cấp trực tiếp hoặc thông qua đại lý cho vận tải quốc tế; hoạt động xây dựng, lắp đặt công trình ở nước ngoài hoặc ở trong khu phi thuế quan; sản phẩm nội dung thông tin số cung cấp cho bên nước ngoài và có hồ sơ, tài liệu chứng minh tiêu dùng ở ngoài Việt Nam theo quy định của Chính phủ; phụ tùng, vật tư thay thế để sửa chữa, bảo dưỡng phương tiện, máy móc, thiết bị cho bên nước ngoài và tiêu dùng ở ngoài Việt Nam; hàng hóa gia công chuyển tiếp để xuất khẩu theo quy định của pháp luật; hàng hóa, dịch vụ thuộc đối tượng không chịu thuế giá trị gia tăng khi xuất khẩu, trừ các trường hợp không áp dụng mức thuế suất 0% quy định tại điểm d khoản này",https://vanban.chinhphu.vn/?docid=216941&pageid=27160
passage_000073,doc_000001,VBHN 12/VBHN-VPQH năm 2026 - Luật Thuế giá trị gia tăng,"Chương II - Căn cứ và phương pháp tính thuế. Điều 9 - Thuế suất. Khoản 1, điểm d: Các trường hợp không áp dụng thuế suất 0% bao gồm: chuyển giao công nghệ, chuyển nhượng quyền sở hữu trí tuệ ra nước ngoài; dịch vụ tái bảo hiểm ra nước ngoài; dịch vụ cấp tín dụng; chuyển nhượng vốn; sản phẩm phái sinh; dịch vụ bưu chính, viễn thông; sản phẩm xuất khẩu quy định tại khoản 23 Điều 5 của Luật này; thuốc lá, rượu, bia nhập khẩu sau đó xuất khẩu; xăng, dầu mua tại nội địa bán cho cơ sở kinh doanh trong khu phi thuế quan; xe ô tô bán cho tổ chức, cá nhân trong khu phi thuế quan",https://vanban.chinhphu.vn/?docid=216941&pageid=27160
passage_000074,doc_000001,VBHN 12/VBHN-VPQH năm 2026 - Luật Thuế giá trị gia tăng,"Chương II - Căn cứ và phương pháp tính thuế. Điều 9 - Thuế suất. Khoản 2, điểm a: Nước sạch phục vụ sản xuất và sinh hoạt không bao gồm các loại nước uống đóng chai, đóng bình và các loại nước giải khát khác",https://vanban.chinhphu.vn/?docid=216941&pageid=27160
passage_000075,doc_000001,VBHN 12/VBHN-VPQH năm 2026 - Luật Thuế giá trị gia tăng,"Chương II - Căn cứ và phương pháp tính thuế. Điều 9 - Thuế suất. Khoản 2, điểm b: Phân bón, quặng để sản xuất phân bón, thuốc bảo vệ thực vật và chất kích thích tăng trưởng vật nuôi theo quy định của pháp luật",https://vanban.chinhphu.vn/?docid=216941&pageid=27160
passage_000076,doc_000001,VBHN 12/VBHN-VPQH năm 2026 - Luật Thuế giá trị gia tăng,"Chương II - Căn cứ và phương pháp tính thuế. Điều 9 - Thuế suất. Khoản 2, điểm c: Dịch vụ đào đắp, nạo vét kênh, mương, ao hồ phục vụ sản xuất nông nghiệp; nuôi trồng, chăm sóc, phòng trừ sâu bệnh cho cây trồng; sơ chế, bảo quản sản phẩm nông nghiệp",https://vanban.chinhphu.vn/?docid=216941&pageid=27160
passage_000077,doc_000001,VBHN 12/VBHN-VPQH năm 2026 - Luật Thuế giá trị gia tăng,"Chương II - Căn cứ và phương pháp tính thuế. Điều 9 - Thuế suất. Khoản 2, điểm d: Sản phẩm cây trồng, rừng trồng (trừ gỗ, măng), chăn nuôi, thuỷ sản nuôi trồng, đánh bắt chưa chế biến thành các sản phẩm khác hoặc chỉ qua sơ chế thông thường, trừ sản phẩm quy định tại khoản 1 Điều 5 của Luật này",https://vanban.chinhphu.vn/?docid=216941&pageid=27160
passage_000078,doc_000001,VBHN 12/VBHN-VPQH năm 2026 - Luật Thuế giá trị gia tăng,"Chương II - Căn cứ và phương pháp tính thuế. Điều 9 - Thuế suất. Khoản 2, điểm đ: Mủ cao su dạng mủ cờ rếp, mủ tờ, mủ bún, mủ cốm; lưới, dây giềng và sợi để đan lưới đánh cá",https://vanban.chinhphu.vn/?docid=216941&pageid=27160
passage_000079,doc_000001,VBHN 12/VBHN-VPQH năm 2026 - Luật Thuế giá trị gia tăng,"Chương II - Căn cứ và phương pháp tính thuế. Điều 9 - Thuế suất. Khoản 2, điểm e: Sản phẩm bằng đay, cói, tre, nứa, lá, rơm, vỏ dừa, sọ dừa, bèo tây và các sản phẩm thủ công khác sản xuất bằng nguyên liệu tận dụng từ nông nghiệp; xơ bông đã qua chải thô, chải kỹ; giấy in báo",https://vanban.chinhphu.vn/?docid=216941&pageid=27160
passage_000080,doc_000001,VBHN 12/VBHN-VPQH năm 2026 - Luật Thuế giá trị gia tăng,"Chương II - Căn cứ và phương pháp tính thuế. Điều 9 - Thuế suất. Khoản 2, điểm g: Tàu khai thác thủy sản tại vùng biển; máy móc, thiết bị chuyên dùng phục vụ cho sản xuất nông nghiệp theo quy định của Chính phủ",https://vanban.chinhphu.vn/?docid=216941&pageid=27160
passage_000081,doc_000001,VBHN 12/VBHN-VPQH năm 2026 - Luật Thuế giá trị gia tăng,"Chương II - Căn cứ và phương pháp tính thuế. Điều 9 - Thuế suất. Khoản 2, điểm h: Thiết bị y tế theo quy định của pháp luật về quản lý thiết bị y tế; thuốc phòng bệnh, chữa bệnh; dược chất, dược liệu là nguyên liệu sản xuất thuốc chữa bệnh, thuốc phòng bệnh",https://vanban.chinhphu.vn/?docid=216941&pageid=27160
passage_000082,doc_000001,VBHN 12/VBHN-VPQH năm 2026 - Luật Thuế giá trị gia tăng,"Chương II - Căn cứ và phương pháp tính thuế. Điều 9 - Thuế suất. Khoản 2, điểm i: Thiết bị dùng để giảng dạy và học tập bao gồm: các loại mô hình, hình vẽ, bảng, phấn, thước, com-pa",https://vanban.chinhphu.vn/?docid=216941&pageid=27160
passage_000083,doc_000001,VBHN 12/VBHN-VPQH năm 2026 - Luật Thuế giá trị gia tăng,"Chương II - Căn cứ và phương pháp tính thuế. Điều 9 - Thuế suất. Khoản 2, điểm k: Hoạt động nghệ thuật biểu diễn truyền thống, dân gian",https://vanban.chinhphu.vn/?docid=216941&pageid=27160
passage_000084,doc_000001,VBHN 12/VBHN-VPQH năm 2026 - Luật Thuế giá trị gia tăng,"Chương II - Căn cứ và phương pháp tính thuế. Điều 9 - Thuế suất. Khoản 2, điểm l: Đồ chơi cho trẻ em; sách các loại, trừ sách quy định tại khoản 15 Điều 5 của Luật này",https://vanban.chinhphu.vn/?docid=216941&pageid=27160
passage_000085,doc_000001,VBHN 12/VBHN-VPQH năm 2026 - Luật Thuế giá trị gia tăng,"Chương II - Căn cứ và phương pháp tính thuế. Điều 9 - Thuế suất. Khoản 2, điểm m: Dịch vụ khoa học, công nghệ theo quy định của Luật Khoa học và công nghệ",https://vanban.chinhphu.vn/?docid=216941&pageid=27160
passage_000086,doc_000001,VBHN 12/VBHN-VPQH năm 2026 - Luật Thuế giá trị gia tăng,"Chương II - Căn cứ và phương pháp tính thuế. Điều 9 - Thuế suất. Khoản 2, điểm n: Bán, cho thuê, cho thuê mua nhà ở xã hội theo quy định của Luật Nhà ở",https://vanban.chinhphu.vn/?docid=216941&pageid=27160
passage_000087,doc_000001,VBHN 12/VBHN-VPQH năm 2026 - Luật Thuế giá trị gia tăng,"Chương II - Căn cứ và phương pháp tính thuế. Điều 9 - Thuế suất. Khoản 3: Mức thuế suất 10% áp dụng đối với hàng hóa, dịch vụ không quy định tại khoản 1 và khoản 2 Điều này, bao gồm cả dịch vụ được các nhà cung cấp nước ngoài không có cơ sở thường trú tại Việt Nam cung cấp cho tổ chức, cá nhân tại Việt Nam qua kênh thương mại điện tử và các nền tảng số",https://vanban.chinhphu.vn/?docid=216941&pageid=27160
passage_000088,doc_000001,VBHN 12/VBHN-VPQH năm 2026 - Luật Thuế giá trị gia tăng,"Chương II - Căn cứ và phương pháp tính thuế. Điều 9 - Thuế suất. Khoản 4: Cơ sở kinh doanh nhiều loại hàng hóa, dịch vụ có mức thuế suất thuế giá trị gia tăng khác nhau (bao gồm cả đối tượng không chịu thuế giá trị gia tăng) phải khai thuế giá trị gia tăng theo từng mức thuế suất quy định đối với từng loại hàng hóa, dịch vụ; nếu cơ sở kinh doanh không xác định theo từng mức thuế suất thì phải tính và nộp thuế theo mức thuế suất cao nhất của hàng hóa, dịch vụ mà cơ sở sản xuất, kinh doanh",https://vanban.chinhphu.vn/?docid=216941&pageid=27160
passage_000089,doc_000001,VBHN 12/VBHN-VPQH năm 2026 - Luật Thuế giá trị gia tăng,"Chương II - Căn cứ và phương pháp tính thuế. Điều 9 - Thuế suất. Khoản 5: Phế phẩm, phụ phẩm, phế liệu được thu hồi trong quá trình sản xuất thì áp dụng mức thuế suất của mặt hàng phế phẩm, phụ phẩm, phế liệu đó",https://vanban.chinhphu.vn/?docid=216941&pageid=27160
passage_000090,doc_000001,VBHN 12/VBHN-VPQH năm 2026 - Luật Thuế giá trị gia tăng,Chương II - Căn cứ và phương pháp tính thuế. Điều 10 - Phương pháp tính thuế: Phương pháp tính thuế giá trị gia tăng gồm phương pháp khấu trừ thuế và phương pháp tính trực tiếp,https://vanban.chinhphu.vn/?docid=216941&pageid=27160
passage_000091,doc_000001,VBHN 12/VBHN-VPQH năm 2026 - Luật Thuế giá trị gia tăng,"Chương II - Căn cứ và phương pháp tính thuế. Điều 11 - Phương pháp khấu trừ thuế. Khoản 1, điểm a: Số thuế giá trị gia tăng phải nộp theo phương pháp khấu trừ thuế bằng số thuế giá trị gia tăng đầu ra trừ số thuế giá trị gia tăng đầu vào được khấu trừ",https://vanban.chinhphu.vn/?docid=216941&pageid=27160
passage_000092,doc_000001,VBHN 12/VBHN-VPQH năm 2026 - Luật Thuế giá trị gia tăng,"Chương II - Căn cứ và phương pháp tính thuế. Điều 11 - Phương pháp khấu trừ thuế. Khoản 1, điểm b: Số thuế giá trị gia tăng đầu ra bằng tổng số thuế giá trị gia tăng của hàng hóa, dịch vụ bán ra ghi trên hóa đơn giá trị gia tăng. Thuế giá trị gia tăng của hàng hóa, dịch vụ bán ra ghi trên hóa đơn giá trị gia tăng bằng giá tính thuế của hàng hóa, dịch vụ chịu thuế bán ra nhân với thuế suất thuế giá trị gia tăng của hàng hóa, dịch vụ đó. Trường hợp sử dụng hóa đơn ghi giá thanh toán là giá đã có thuế giá trị gia tăng thì thuế giá trị gia tăng đầu ra được xác định bằng giá thanh toán trừ giá tính thuế giá trị gia tăng xác định theo quy định tại điểm k khoản 1 Điều 7 của Luật này",https://vanban.chinhphu.vn/?docid=216941&pageid=27160
passage_000093,doc_000001,VBHN 12/VBHN-VPQH năm 2026 - Luật Thuế giá trị gia tăng,"Chương II - Căn cứ và phương pháp tính thuế. Điều 11 - Phương pháp khấu trừ thuế. Khoản 1, điểm c: Số thuế giá trị gia tăng đầu vào được khấu trừ bằng tổng số thuế giá trị gia tăng ghi trên hóa đơn giá trị gia tăng mua hàng hóa, dịch vụ, chứng từ nộp thuế giá trị gia tăng của hàng hóa nhập khẩu hoặc chứng từ nộp thuế đối với trường hợp mua dịch vụ quy định tại khoản 3, khoản 4 Điều 4 của Luật này và đáp ứng điều kiện quy định tại Điều 14 của Luật này",https://vanban.chinhphu.vn/?docid=216941&pageid=27160
passage_000094,doc_000001,VBHN 12/VBHN-VPQH năm 2026 - Luật Thuế giá trị gia tăng,"Chương II - Căn cứ và phương pháp tính thuế. Điều 11 - Phương pháp khấu trừ thuế. Khoản 2, điểm a: Cơ sở kinh doanh có doanh thu hằng năm từ bán hàng hóa, cung cấp dịch vụ từ 01 tỷ đồng trở lên, trừ hộ, cá nhân sản xuất, kinh doanh",https://vanban.chinhphu.vn/?docid=216941&pageid=27160
passage_000095,doc_000001,VBHN 12/VBHN-VPQH năm 2026 - Luật Thuế giá trị gia tăng,"Chương II - Căn cứ và phương pháp tính thuế. Điều 11 - Phương pháp khấu trừ thuế. Khoản 2, điểm b: Cơ sở kinh doanh tự nguyện áp dụng phương pháp khấu trừ thuế, trừ hộ, cá nhân sản xuất, kinh doanh",https://vanban.chinhphu.vn/?docid=216941&pageid=27160
passage_000096,doc_000001,VBHN 12/VBHN-VPQH năm 2026 - Luật Thuế giá trị gia tăng,"Chương II - Căn cứ và phương pháp tính thuế. Điều 11 - Phương pháp khấu trừ thuế. Khoản 2, điểm c: Tổ chức, cá nhân nước ngoài cung cấp hàng hóa, dịch vụ để tiến hành hoạt động tìm kiếm thăm dò, phát triển mỏ dầu khí và khai thác dầu khí nộp thuế theo phương pháp khấu trừ thuế do bên Việt Nam kê khai, khấu trừ, nộp thay",https://vanban.chinhphu.vn/?docid=216941&pageid=27160
passage_000097,doc_000001,VBHN 12/VBHN-VPQH năm 2026 - Luật Thuế giá trị gia tăng,"Chương II - Căn cứ và phương pháp tính thuế. Điều 12 - Phương pháp tính trực tiếp. Khoản 1: Số thuế giá trị gia tăng phải nộp theo phương pháp tính trực tiếp trên giá trị gia tăng bằng giá trị gia tăng nhân với thuế suất thuế giá trị gia tăng áp dụng đối với hoạt động mua, bán, chế tác vàng, bạc, đá quý. Giá trị gia tăng của hoạt động mua, bán, chế tác vàng, bạc, đá quý được xác định bằng giá thanh toán của vàng, bạc, đá quý bán ra trừ giá thanh toán của vàng, bạc, đá quý mua vào tương ứng. Trường hợp cơ sở kinh doanh có hoạt động mua, bán, chế tác vàng, bạc, đá quý thì cơ sở kinh doanh phải hạch toán riêng hoạt động này để nộp thuế theo phương pháp tính trực tiếp trên giá trị gia tăng",https://vanban.chinhphu.vn/?docid=216941&pageid=27160
passage_000098,doc_000001,VBHN 12/VBHN-VPQH năm 2026 - Luật Thuế giá trị gia tăng,"Chương II - Căn cứ và phương pháp tính thuế. Điều 12 - Phương pháp tính trực tiếp. Khoản 2, điểm a.1: Doanh nghiệp, hợp tác xã, liên hiệp hợp tác xã có doanh thu hằng năm dưới mức ngưỡng doanh thu 01 tỷ đồng, trừ trường hợp tự nguyện áp dụng phương pháp khấu trừ thuế quy định tại khoản 2 Điều 11 của Luật này",https://vanban.chinhphu.vn/?docid=216941&pageid=27160
passage_000099,doc_000001,VBHN 12/VBHN-VPQH năm 2026 - Luật Thuế giá trị gia tăng,"Chương II - Căn cứ và phương pháp tính thuế. Điều 12 - Phương pháp tính trực tiếp. Khoản 2, điểm a.2: Hộ, cá nhân sản xuất, kinh doanh, trừ trường hợp quy định tại khoản 3 Điều này",https://vanban.chinhphu.vn/?docid=216941&pageid=27160
passage_000100,doc_000001,VBHN 12/VBHN-VPQH năm 2026 - Luật Thuế giá trị gia tăng,"Chương II - Căn cứ và phương pháp tính thuế. Điều 12 - Phương pháp tính trực tiếp. Khoản 2, điểm a.3: Tổ chức nước ngoài không có cơ sở thường trú tại Việt Nam, cá nhân ở nước ngoài là đối tượng không cư trú tại Việt Nam có doanh thu phát sinh tại Việt Nam chưa thực hiện đầy đủ chế độ kế toán, hóa đơn, chứng từ, không bao gồm các nhà cung cấp nước ngoài quy định tại khoản 4 Điều 4 của Luật này",https://vanban.chinhphu.vn/?docid=216941&pageid=27160
passage_000101,doc_000001,VBHN 12/VBHN-VPQH năm 2026 - Luật Thuế giá trị gia tăng,"Chương II - Căn cứ và phương pháp tính thuế. Điều 12 - Phương pháp tính trực tiếp. Khoản 2, điểm a.4: Tổ chức khác, trừ trường hợp nộp thuế theo phương pháp khấu trừ thuế quy định tại khoản 2 Điều 11 của Luật này",https://vanban.chinhphu.vn/?docid=216941&pageid=27160
passage_000102,doc_000001,VBHN 12/VBHN-VPQH năm 2026 - Luật Thuế giá trị gia tăng,"Chương II - Căn cứ và phương pháp tính thuế. Điều 12 - Phương pháp tính trực tiếp. Khoản 2, điểm b.1: Phân phối, cung cấp hàng hóa: 1%",https://vanban.chinhphu.vn/?docid=216941&pageid=27160
passage_000103,doc_000001,VBHN 12/VBHN-VPQH năm 2026 - Luật Thuế giá trị gia tăng,"Chương II - Căn cứ và phương pháp tính thuế. Điều 12 - Phương pháp tính trực tiếp. Khoản 2, điểm b.2: Dịch vụ, xây dựng không bao thầu nguyên vật liệu: 5%",https://vanban.chinhphu.vn/?docid=216941&pageid=27160
passage_000104,doc_000001,VBHN 12/VBHN-VPQH năm 2026 - Luật Thuế giá trị gia tăng,"Chương II - Căn cứ và phương pháp tính thuế. Điều 12 - Phương pháp tính trực tiếp. Khoản 2, điểm b.3: Sản xuất, vận tải, dịch vụ có gắn với hàng hóa, xây dựng có bao thầu nguyên vật liệu: 3%",https://vanban.chinhphu.vn/?docid=216941&pageid=27160
passage_000105,doc_000001,VBHN 12/VBHN-VPQH năm 2026 - Luật Thuế giá trị gia tăng,"Chương II - Căn cứ và phương pháp tính thuế. Điều 12 - Phương pháp tính trực tiếp. Khoản 2, điểm b.4: Hoạt động kinh doanh khác: 2%",https://vanban.chinhphu.vn/?docid=216941&pageid=27160
passage_000106,doc_000001,VBHN 12/VBHN-VPQH năm 2026 - Luật Thuế giá trị gia tăng,"Chương II - Căn cứ và phương pháp tính thuế. Điều 12 - Phương pháp tính trực tiếp. Khoản 2, điểm c: Doanh thu để tính thuế giá trị gia tăng là tổng số tiền bán hàng hóa, dịch vụ ghi trên hóa đơn bán hàng, bao gồm các khoản phụ thu và phí thu thêm mà cơ sở kinh doanh được hưởng",https://vanban.chinhphu.vn/?docid=216941&pageid=27160
passage_000107,doc_000001,VBHN 12/VBHN-VPQH năm 2026 - Luật Thuế giá trị gia tăng,"Chương III - Khấu trừ, hoàn thuế. Điều 13 - Các hành vi bị nghiêm cấm trong khấu trừ, hoàn thuế. Khoản 1: Mua, cho, bán, tổ chức quảng cáo, môi giới mua, bán hóa đơn",https://vanban.chinhphu.vn/?docid=216941&pageid=27160
passage_000108,doc_000001,VBHN 12/VBHN-VPQH năm 2026 - Luật Thuế giá trị gia tăng,"Chương III - Khấu trừ, hoàn thuế. Điều 13 - Các hành vi bị nghiêm cấm trong khấu trừ, hoàn thuế. Khoản 2: Tạo lập giao dịch mua, bán hàng hóa, cung cấp dịch vụ không có thật hoặc giao dịch không đúng quy định của pháp luật",https://vanban.chinhphu.vn/?docid=216941&pageid=27160
passage_000109,doc_000001,VBHN 12/VBHN-VPQH năm 2026 - Luật Thuế giá trị gia tăng,"Chương III - Khấu trừ, hoàn thuế. Điều 13 - Các hành vi bị nghiêm cấm trong khấu trừ, hoàn thuế. Khoản 3: Lập hóa đơn bán hàng hóa, cung cấp dịch vụ trong thời gian tạm ngừng hoạt động kinh doanh, trừ trường hợp lập hóa đơn giao cho khách hàng để thực hiện các hợp đồng đã ký trước ngày thông báo tạm ngừng kinh doanh",https://vanban.chinhphu.vn/?docid=216941&pageid=27160
passage_000110,doc_000001,VBHN 12/VBHN-VPQH năm 2026 - Luật Thuế giá trị gia tăng,"Chương III - Khấu trừ, hoàn thuế. Điều 13 - Các hành vi bị nghiêm cấm trong khấu trừ, hoàn thuế. Khoản 4: Sử dụng hóa đơn, chứng từ không hợp pháp, sử dụng không hợp pháp hóa đơn, chứng từ theo quy định của Chính phủ",https://vanban.chinhphu.vn/?docid=216941&pageid=27160
passage_000111,doc_000001,VBHN 12/VBHN-VPQH năm 2026 - Luật Thuế giá trị gia tăng,"Chương III - Khấu trừ, hoàn thuế. Điều 13 - Các hành vi bị nghiêm cấm trong khấu trừ, hoàn thuế. Khoản 5: Không chuyển dữ liệu hóa đơn điện tử về cơ quan thuế theo quy định",https://vanban.chinhphu.vn/?docid=216941&pageid=27160
passage_000112,doc_000001,VBHN 12/VBHN-VPQH năm 2026 - Luật Thuế giá trị gia tăng,"Chương III - Khấu trừ, hoàn thuế. Điều 13 - Các hành vi bị nghiêm cấm trong khấu trừ, hoàn thuế. Khoản 6: Làm sai lệch, sử dụng sai mục đích, truy cập trái phép, phá hủy hệ thống thông tin về hóa đơn, chứng từ",https://vanban.chinhphu.vn/?docid=216941&pageid=27160
passage_000113,doc_000001,VBHN 12/VBHN-VPQH năm 2026 - Luật Thuế giá trị gia tăng,"Chương III - Khấu trừ, hoàn thuế. Điều 13 - Các hành vi bị nghiêm cấm trong khấu trừ, hoàn thuế. Khoản 7: Đưa, nhận, môi giới hối lộ hoặc thực hiện các hành vi khác liên quan đến hóa đơn, chứng từ để được khấu trừ thuế, hoàn thuế, chiếm đoạt tiền thuế, trốn thuế giá trị gia tăng",https://vanban.chinhphu.vn/?docid=216941&pageid=27160
passage_000114,doc_000001,VBHN 12/VBHN-VPQH năm 2026 - Luật Thuế giá trị gia tăng,"Chương III - Khấu trừ, hoàn thuế. Điều 13 - Các hành vi bị nghiêm cấm trong khấu trừ, hoàn thuế. Khoản 8: Thông đồng, bao che; móc nối giữa công chức quản lý thuế, cơ quan quản lý thuế và cơ sở kinh doanh, người nhập khẩu, giữa các cơ sở kinh doanh, người nhập khẩu trong việc sử dụng hóa đơn, chứng từ không hợp pháp, sử dụng không hợp pháp hóa đơn, chứng từ để được khấu trừ thuế, hoàn thuế, chiếm đoạt tiền thuế, trốn thuế giá trị gia tăng",https://vanban.chinhphu.vn/?docid=216941&pageid=27160
passage_000115,doc_000001,VBHN 12/VBHN-VPQH năm 2026 - Luật Thuế giá trị gia tăng,"Chương III - Khấu trừ, hoàn thuế. Điều 14 - Khấu trừ thuế giá trị gia tăng đầu vào. Khoản 1, điểm a: Thuế giá trị gia tăng đầu vào của hàng hóa, dịch vụ sử dụng cho sản xuất, kinh doanh hàng hóa, dịch vụ chịu thuế giá trị gia tăng được khấu trừ toàn bộ, kể cả thuế giá trị gia tăng đầu vào không được bồi thường của hàng hóa, dịch vụ chịu thuế giá trị gia tăng bị tổn thất, hàng hóa bị hao hụt tự nhiên do tính chất lý hóa trong quá trình vận chuyển",https://vanban.chinhphu.vn/?docid=216941&pageid=27160
passage_000116,doc_000001,VBHN 12/VBHN-VPQH năm 2026 - Luật Thuế giá trị gia tăng,"Chương III - Khấu trừ, hoàn thuế. Điều 14 - Khấu trừ thuế giá trị gia tăng đầu vào. Khoản 1, điểm b: Thuế giá trị gia tăng đầu vào của hàng hóa, dịch vụ sử dụng đồng thời cho sản xuất, kinh doanh hàng hóa, dịch vụ chịu thuế và không chịu thuế thì chỉ được khấu trừ số thuế giá trị gia tăng đầu vào của hàng hóa, dịch vụ sử dụng cho sản xuất, kinh doanh hàng hóa, dịch vụ chịu thuế giá trị gia tăng. Cơ sở kinh doanh phải hạch toán riêng thuế giá trị gia tăng đầu vào được khấu trừ và không được khấu trừ; trường hợp không hạch toán riêng được thì số thuế giá trị gia tăng đầu vào được khấu trừ tính theo tỷ lệ % giữa doanh thu của hàng hóa, dịch vụ chịu thuế giá trị gia tăng so với tổng doanh thu hàng hóa, dịch vụ bán ra",https://vanban.chinhphu.vn/?docid=216941&pageid=27160
passage_000117,doc_000001,VBHN 12/VBHN-VPQH năm 2026 - Luật Thuế giá trị gia tăng,"Chương III - Khấu trừ, hoàn thuế. Điều 14 - Khấu trừ thuế giá trị gia tăng đầu vào. Khoản 1, điểm c: Thuế giá trị gia tăng đầu vào của hàng hóa, dịch vụ bán cho tổ chức, cá nhân sử dụng vốn viện trợ nhân đạo, viện trợ không hoàn lại được khấu trừ toàn bộ",https://vanban.chinhphu.vn/?docid=216941&pageid=27160
passage_000118,doc_000001,VBHN 12/VBHN-VPQH năm 2026 - Luật Thuế giá trị gia tăng,"Chương III - Khấu trừ, hoàn thuế. Điều 14 - Khấu trừ thuế giá trị gia tăng đầu vào. Khoản 1, điểm d: Thuế giá trị gia tăng đầu vào của hàng hóa, dịch vụ sử dụng cho hoạt động tìm kiếm thăm dò, phát triển mỏ dầu khí được khấu trừ toàn bộ",https://vanban.chinhphu.vn/?docid=216941&pageid=27160
passage_000119,doc_000001,VBHN 12/VBHN-VPQH năm 2026 - Luật Thuế giá trị gia tăng,"Chương III - Khấu trừ, hoàn thuế. Điều 14 - Khấu trừ thuế giá trị gia tăng đầu vào. Khoản 1, điểm đ: Thuế giá trị gia tăng đầu vào phát sinh trong tháng, quý nào được kê khai, khấu trừ khi xác định số thuế phải nộp của tháng, quý đó. Số thuế giá trị gia tăng đầu vào chưa được khấu trừ hết trong tháng, quý thì được khấu trừ vào tháng, quý tiếp theo. Trường hợp cơ sở kinh doanh phát hiện số thuế giá trị gia tăng đầu vào khi kê khai, khấu trừ bị sai, sót thì được khai thuế trước khi cơ quan thuế, cơ quan có thẩm quyền công bố quyết định kiểm tra thuế, thanh tra thuế như sau: Người nộp thuế thực hiện khai bổ sung vào tháng, quý phát sinh số thuế giá trị gia tăng đầu vào bị sai, sót nếu việc khai thuế vào tháng, quý phát sinh số thuế giá trị gia tăng đầu vào bị sai, sót làm tăng số thuế phải nộp hoặc giảm số thuế được hoàn; người nộp thuế phải nộp đủ số tiền thuế phải nộp tăng thêm hoặc bị thu hồi số tiền thuế đã được hoàn tương ứng và nộp tiền chậm nộp vào ngân sách nhà nước (nếu có). Người nộp thuế thực hiện khai vào tháng, quý phát hiện sai, sót nếu việc khai thuế vào tháng, quý phát sinh số thuế giá trị gia tăng đầu vào bị sai, sót làm giảm số tiền thuế phải nộp hoặc chỉ làm tăng hoặc giảm số thuế giá trị gia tăng còn được khấu trừ chuyển sang tháng, quý sau",https://vanban.chinhphu.vn/?docid=216941&pageid=27160
passage_000120,doc_000001,VBHN 12/VBHN-VPQH năm 2026 - Luật Thuế giá trị gia tăng,"Chương III - Khấu trừ, hoàn thuế. Điều 14 - Khấu trừ thuế giá trị gia tăng đầu vào. Khoản 1, điểm e: Đối với số thuế giá trị gia tăng đầu vào không được khấu trừ, cơ sở kinh doanh được tính vào chi phí để tính thuế thu nhập doanh nghiệp hoặc tính vào nguyên giá của tài sản cố định theo quy định của pháp luật về thuế thu nhập doanh nghiệp, trừ số thuế giá trị gia tăng của hàng hóa, dịch vụ mua vào không có chứng từ thanh toán không dùng tiền mặt theo quy định của Chính phủ",https://vanban.chinhphu.vn/?docid=216941&pageid=27160
passage_000121,doc_000001,VBHN 12/VBHN-VPQH năm 2026 - Luật Thuế giá trị gia tăng,"Chương III - Khấu trừ, hoàn thuế. Điều 14 - Khấu trừ thuế giá trị gia tăng đầu vào. Khoản 2, điểm a: Có hóa đơn giá trị gia tăng mua hàng hóa, dịch vụ hoặc chứng từ nộp thuế giá trị gia tăng ở khâu nhập khẩu hoặc chứng từ nộp thuế giá trị gia tăng thay cho phía nước ngoài quy định tại khoản 3 và khoản 4 Điều 4 của Luật này. Bộ trưởng Bộ Tài chính quy định chứng từ nộp thuế giá trị gia tăng thay cho phía nước ngoài",https://vanban.chinhphu.vn/?docid=216941&pageid=27160
passage_000122,doc_000001,VBHN 12/VBHN-VPQH năm 2026 - Luật Thuế giá trị gia tăng,"Chương III - Khấu trừ, hoàn thuế. Điều 14 - Khấu trừ thuế giá trị gia tăng đầu vào. Khoản 2, điểm b: Có chứng từ thanh toán không dùng tiền mặt đối với hàng hóa, dịch vụ mua vào, trừ một số trường hợp đặc thù theo quy định của Chính phủ",https://vanban.chinhphu.vn/?docid=216941&pageid=27160
passage_000123,doc_000001,VBHN 12/VBHN-VPQH năm 2026 - Luật Thuế giá trị gia tăng,"Chương III - Khấu trừ, hoàn thuế. Điều 14 - Khấu trừ thuế giá trị gia tăng đầu vào. Khoản 2, điểm c: Đối với hàng hóa, dịch vụ xuất khẩu, ngoài các điều kiện quy định tại điểm a và điểm b khoản này còn phải có: hợp đồng ký kết với bên nước ngoài về việc bán, gia công hàng hóa, cung cấp dịch vụ; hóa đơn bán hàng hóa, cung cấp dịch vụ; chứng từ thanh toán không dùng tiền mặt; tờ khai hải quan đối với hàng hóa xuất khẩu; phiếu đóng gói, vận đơn, chứng từ bảo hiểm hàng hóa (nếu có). Chính phủ quy định về điều kiện khấu trừ đối với trường hợp xuất khẩu hàng hóa qua sàn thương mại điện tử ở nước ngoài và một số trường hợp đặc thù khác",https://vanban.chinhphu.vn/?docid=216941&pageid=27160
passage_000124,doc_000001,VBHN 12/VBHN-VPQH năm 2026 - Luật Thuế giá trị gia tăng,"Chương III - Khấu trừ, hoàn thuế. Điều 14 - Khấu trừ thuế giá trị gia tăng đầu vào. Khoản 3: Cơ sở kinh doanh không đáp ứng quy định về khấu trừ thuế tại khoản 1 và khoản 2 Điều này và các hóa đơn, chứng từ được lập từ các hành vi bị nghiêm cấm tại Luật này thì không được khấu trừ thuế giá trị gia tăng",https://vanban.chinhphu.vn/?docid=216941&pageid=27160
passage_000125,doc_000001,VBHN 12/VBHN-VPQH năm 2026 - Luật Thuế giá trị gia tăng,"Chương III - Khấu trừ, hoàn thuế. Điều 15 - Hoàn thuế giá trị gia tăng. Khoản 1, điểm a: Cơ sở kinh doanh trong tháng, quý có hàng hóa, dịch vụ xuất khẩu nếu có số thuế giá trị gia tăng đầu vào chưa được khấu trừ hết từ 300 triệu đồng trở lên thì được hoàn thuế giá trị gia tăng theo tháng, quý, trừ trường hợp hàng hóa nhập khẩu sau đó xuất khẩu sang nước khác",https://vanban.chinhphu.vn/?docid=216941&pageid=27160
passage_000126,doc_000001,VBHN 12/VBHN-VPQH năm 2026 - Luật Thuế giá trị gia tăng,"Chương III - Khấu trừ, hoàn thuế. Điều 15 - Hoàn thuế giá trị gia tăng. Khoản 2, điểm a: Cơ sở kinh doanh đã đăng ký nộp thuế giá trị gia tăng theo phương pháp khấu trừ thuế có dự án đầu tư (dự án đầu tư mới, dự án đầu tư mở rộng) theo quy định của pháp luật về đầu tư (bao gồm cả dự án đầu tư được chia thành nhiều giai đoạn đầu tư hoặc nhiều hạng mục đầu tư, trừ trường hợp dự án đầu tư không hình thành tài sản cố định của doanh nghiệp) đang trong giai đoạn đầu tư hoặc dự án tìm kiếm thăm dò, phát triển mỏ dầu khí đang trong giai đoạn đầu tư có số thuế giá trị gia tăng đầu vào phát sinh trong giai đoạn đầu tư mà chưa được hoàn thuế thì cơ sở kinh doanh thực hiện bù trừ với số thuế giá trị gia tăng phải nộp của hoạt động sản xuất, kinh doanh đang thực hiện (nếu có). Sau khi bù trừ nếu số thuế giá trị gia tăng đầu vào của dự án đầu tư chưa được khấu trừ hết từ 300 triệu đồng trở lên thì được hoàn thuế giá trị gia tăng. Trường hợp dự án đầu tư đã hoàn thành (bao gồm cả dự án đầu tư chia thành nhiều giai đoạn, hạng mục đầu tư có giai đoạn, hạng mục đầu tư đã hoàn thành) nhưng cơ sở kinh doanh chưa thực hiện hoàn thuế giá trị gia tăng phát sinh trong giai đoạn đầu tư (hạng mục đầu tư, giai đoạn đầu tư đã hoàn thành) thì cơ sở kinh doanh thực hiện nộp hồ sơ hoàn thuế giá trị gia tăng theo quy định trong thời hạn 01 năm kể từ ngày dự án đầu tư hoặc ngày giai đoạn đầu tư, hạng mục đầu tư hoàn thành. Ngày dự án đầu tư hoặc ngày giai đoạn, hạng mục đầu tư hoàn thành là ngày phát sinh doanh thu của dự án đầu tư hoặc ngày phát sinh doanh thu của giai đoạn, hạng mục đầu tư. Doanh thu quy định tại khoản này không bao gồm doanh thu phát sinh trong giai đoạn chạy thử, doanh thu hoạt động tài chính, thanh lý nguyên vật liệu của dự án đầu tư",https://vanban.chinhphu.vn/?docid=216941&pageid=27160
passage_000127,doc_000001,VBHN 12/VBHN-VPQH năm 2026 - Luật Thuế giá trị gia tăng,"Chương III - Khấu trừ, hoàn thuế. Điều 15 - Hoàn thuế giá trị gia tăng. Khoản 2, điểm b.1: Dự án đầu tư của cơ sở kinh doanh không góp đủ số vốn điều lệ như đã đăng ký tại thời điểm nộp hồ sơ hoàn thuế; kinh doanh ngành, nghề đầu tư kinh doanh có điều kiện khi chưa đủ các điều kiện kinh doanh theo quy định của pháp luật về đầu tư hoặc không bảo đảm duy trì đủ điều kiện kinh doanh trong quá trình hoạt động, trừ dự án đầu tư trong giai đoạn đầu tư, theo quy định của pháp luật về đầu tư, pháp luật chuyên ngành chưa phải đề nghị cơ quan nhà nước có thẩm quyền cấp giấy kinh doanh ngành, nghề đầu tư kinh doanh có điều kiện, dự án đầu tư theo quy định của pháp luật về đầu tư, pháp luật chuyên ngành không phải có giấy kinh doanh ngành, nghề đầu tư kinh doanh có điều kiện",https://vanban.chinhphu.vn/?docid=216941&pageid=27160
passage_000128,doc_000001,VBHN 12/VBHN-VPQH năm 2026 - Luật Thuế giá trị gia tăng,"Chương III - Khấu trừ, hoàn thuế. Điều 15 - Hoàn thuế giá trị gia tăng. Khoản 2, điểm b.2: Dự án đầu tư khai thác tài nguyên, khoáng sản (không bao gồm dự án tìm kiếm thăm dò, phát triển mỏ dầu khí quy định tại điểm a khoản này) và dự án đầu tư sản xuất sản phẩm là tài nguyên, khoáng sản khai thác đã chế biến thành sản phẩm khác quy định tại khoản 23 Điều 5 của Luật này",https://vanban.chinhphu.vn/?docid=216941&pageid=27160
passage_000129,doc_000001,VBHN 12/VBHN-VPQH năm 2026 - Luật Thuế giá trị gia tăng,"Chương III - Khấu trừ, hoàn thuế. Điều 15 - Hoàn thuế giá trị gia tăng. Khoản 3: Cơ sở kinh doanh chỉ sản xuất hàng hóa, cung cấp dịch vụ chịu thuế suất thuế giá trị gia tăng 5% nếu có số thuế giá trị gia tăng đầu vào chưa được khấu trừ hết từ 300 triệu đồng trở lên sau 12 tháng liên tục hoặc 04 quý liên tục thì được hoàn thuế giá trị gia tăng; trường hợp cơ sở kinh doanh sản xuất hàng hóa, cung cấp dịch vụ chịu nhiều mức thuế suất thuế giá trị gia tăng thì được hoàn thuế theo tỷ lệ phân bổ do Chính phủ quy định",https://vanban.chinhphu.vn/?docid=216941&pageid=27160
passage_000130,doc_000001,VBHN 12/VBHN-VPQH năm 2026 - Luật Thuế giá trị gia tăng,"Chương III - Khấu trừ, hoàn thuế. Điều 15 - Hoàn thuế giá trị gia tăng. Khoản 4: Cơ sở kinh doanh nộp thuế giá trị gia tăng theo phương pháp khấu trừ thuế được hoàn thuế giá trị gia tăng khi giải thể, phá sản có số thuế giá trị gia tăng nộp thừa hoặc số thuế giá trị gia tăng đầu vào chưa được khấu trừ hết. Trường hợp tổ hợp tác nộp thuế theo phương pháp khấu trừ thuế chuyển đổi thành hợp tác xã thì hợp tác xã được kế thừa số thuế giá trị gia tăng nộp thừa hoặc số thuế giá trị gia tăng đầu vào chưa được khấu trừ hết của tổ hợp tác để khấu trừ, hoàn thuế theo quy định",https://vanban.chinhphu.vn/?docid=216941&pageid=27160
passage_000131,doc_000001,VBHN 12/VBHN-VPQH năm 2026 - Luật Thuế giá trị gia tăng,"Chương III - Khấu trừ, hoàn thuế. Điều 15 - Hoàn thuế giá trị gia tăng. Khoản 5: Người nước ngoài, người Việt Nam định cư ở nước ngoài mang hộ chiếu hoặc giấy tờ có giá trị đi lại quốc tế được hoàn thuế đối với hàng hóa mua tại Việt Nam mang theo khi xuất cảnh. Chính phủ quy định hồ sơ, thủ tục, số thuế được hoàn, phương thức hoàn thuế đối với trường hợp quy định tại khoản này",https://vanban.chinhphu.vn/?docid=216941&pageid=27160
passage_000132,doc_000001,VBHN 12/VBHN-VPQH năm 2026 - Luật Thuế giá trị gia tăng,"Chương III - Khấu trừ, hoàn thuế. Điều 15 - Hoàn thuế giá trị gia tăng. Khoản 6, điểm a: Chủ chương trình, dự án hoặc nhà thầu chính, tổ chức do phía nhà tài trợ nước ngoài chỉ định việc quản lý chương trình, dự án sử dụng vốn ODA không hoàn lại được hoàn số thuế giá trị gia tăng đã trả cho hàng hóa, dịch vụ mua tại Việt Nam để phục vụ cho chương trình, dự án",https://vanban.chinhphu.vn/?docid=216941&pageid=27160
passage_000133,doc_000001,VBHN 12/VBHN-VPQH năm 2026 - Luật Thuế giá trị gia tăng,"Chương III - Khấu trừ, hoàn thuế. Điều 15 - Hoàn thuế giá trị gia tăng. Khoản 7: Đối tượng được hưởng quyền ưu đãi miễn trừ ngoại giao theo quy định của pháp luật về ngoại giao mua hàng hóa, dịch vụ tại Việt Nam để sử dụng được hoàn số thuế giá trị gia tăng đã trả ghi trên hóa đơn giá trị gia tăng hoặc trên chứng từ thanh toán ghi giá thanh toán đã có thuế giá trị gia tăng",https://vanban.chinhphu.vn/?docid=216941&pageid=27160
passage_000134,doc_000001,VBHN 12/VBHN-VPQH năm 2026 - Luật Thuế giá trị gia tăng,"Chương III - Khấu trừ, hoàn thuế. Điều 15 - Hoàn thuế giá trị gia tăng. Khoản 8: Cơ sở kinh doanh có quyết định hoàn thuế giá trị gia tăng của cơ quan có thẩm quyền theo quy định của pháp luật và trường hợp hoàn thuế giá trị gia tăng theo điều ước quốc tế mà nước Cộng hòa xã hội chủ nghĩa Việt Nam là thành viên",https://vanban.chinhphu.vn/?docid=216941&pageid=27160
passage_000135,doc_000001,VBHN 12/VBHN-VPQH năm 2026 - Luật Thuế giá trị gia tăng,"Chương III - Khấu trừ, hoàn thuế. Điều 15 - Hoàn thuế giá trị gia tăng. Khoản 9, điểm a: Cơ sở kinh doanh thuộc trường hợp được hoàn thuế theo quy định tại các khoản 1, 2, 3 và 4 Điều này phải là cơ sở kinh doanh nộp thuế giá trị gia tăng theo phương pháp khấu trừ thuế, lập và lưu giữ sổ kế toán, chứng từ kế toán theo quy định của pháp luật về kế toán; có tài khoản tiền gửi tại ngân hàng theo mã số thuế của cơ sở kinh doanh",https://vanban.chinhphu.vn/?docid=216941&pageid=27160
passage_000136,doc_000001,VBHN 12/VBHN-VPQH năm 2026 - Luật Thuế giá trị gia tăng,"Chương III - Khấu trừ, hoàn thuế. Điều 15 - Hoàn thuế giá trị gia tăng. Khoản 10: Người nộp thuế thuộc trường hợp hoàn thuế giá trị gia tăng, có số thuế giá trị gia tăng đầu vào đáp ứng đầy đủ điều kiện hoàn thuế theo quy định tại Điều này và tuân thủ các quy định về khai thuế theo quy định của pháp luật về quản lý thuế, lập hồ sơ hoàn thuế giá trị gia tăng đối với từng trường hợp hoàn thuế giá trị gia tăng và gửi đến cơ quan thuế có thẩm quyền tiếp nhận. Cơ quan thuế phân loại hồ sơ hoàn thuế giá trị gia tăng thuộc diện hoàn thuế trước hoặc kiểm tra trước hoàn thuế và giải quyết hồ sơ hoàn thuế giá trị gia tăng theo quy định của pháp luật về quản lý thuế",https://vanban.chinhphu.vn/?docid=216941&pageid=27160
passage_000137,doc_000001,VBHN 12/VBHN-VPQH năm 2026 - Luật Thuế giá trị gia tăng,"Chương III - Khấu trừ, hoàn thuế. Điều 16 - Hóa đơn, chứng từ. Khoản 1, điểm a: Cơ sở kinh doanh áp dụng phương pháp khấu trừ thuế sử dụng hóa đơn giá trị gia tăng. Trường hợp bán hàng hóa, dịch vụ chịu thuế giá trị gia tăng mà trên hóa đơn giá trị gia tăng không ghi khoản thuế giá trị gia tăng thì thuế giá trị gia tăng đầu ra được xác định bằng giá thanh toán ghi trên hóa đơn nhân với thuế suất thuế giá trị gia tăng, trừ trường hợp quy định tại khoản 2 Điều này",https://vanban.chinhphu.vn/?docid=216941&pageid=27160
passage_000138,doc_000001,VBHN 12/VBHN-VPQH năm 2026 - Luật Thuế giá trị gia tăng,"Chương III - Khấu trừ, hoàn thuế. Điều 16 - Hóa đơn, chứng từ. Khoản 1, điểm b: Cơ sở kinh doanh áp dụng phương pháp tính trực tiếp sử dụng hóa đơn bán hàng",https://vanban.chinhphu.vn/?docid=216941&pageid=27160
passage_000139,doc_000001,VBHN 12/VBHN-VPQH năm 2026 - Luật Thuế giá trị gia tăng,"Chương III - Khấu trừ, hoàn thuế. Điều 16 - Hóa đơn, chứng từ. Khoản 2: Đối với các loại tem, vé, thẻ là chứng từ thanh toán in sẵn giá thanh toán thì giá thanh toán tem, vé, thẻ đó đã bao gồm thuế giá trị gia tăng",https://vanban.chinhphu.vn/?docid=216941&pageid=27160
passage_000140,doc_000001,VBHN 12/VBHN-VPQH năm 2026 - Luật Thuế giá trị gia tăng,"Chương IV - Điều khoản thi hành. Điều 17 - Sửa đổi, bổ sung khoản 1 điều 3 của luật thuế thu nhập cá nhân số 04/2007/qh12 đã được sửa đổi, bổ sung một số điều theo luật số 26/2012/qh13 và luật số 71/2014/qh13. điểm a: Thu nhập từ hoạt động sản xuất, kinh doanh hàng hóa, dịch vụ",https://vanban.chinhphu.vn/?docid=216941&pageid=27160
passage_000141,doc_000001,VBHN 12/VBHN-VPQH năm 2026 - Luật Thuế giá trị gia tăng,"Chương IV - Điều khoản thi hành. Điều 17 - Sửa đổi, bổ sung khoản 1 điều 3 của luật thuế thu nhập cá nhân số 04/2007/qh12 đã được sửa đổi, bổ sung một số điều theo luật số 26/2012/qh13 và luật số 71/2014/qh13. điểm b: Thu nhập từ hoạt động hành nghề độc lập của cá nhân có giấy phép hoặc chứng chỉ hành nghề theo quy định của pháp luật. Thu nhập từ kinh doanh quy định tại khoản này không bao gồm thu nhập của hộ, cá nhân sản xuất, kinh doanh có doanh thu dưới mức quy định tại khoản 25 Điều 5 của Luật Thuế giá trị gia tăng.”",https://vanban.chinhphu.vn/?docid=216941&pageid=27160
passage_000142,doc_000001,VBHN 12/VBHN-VPQH năm 2026 - Luật Thuế giá trị gia tăng,"Chương IV - Điều khoản thi hành. Điều 18 - Hiệu lực thi hành. Khoản 2: Quy định về mức doanh thu của hộ, cá nhân sản xuất, kinh doanh thuộc đối tượng không chịu thuế tại khoản 25 Điều 5 của Luật này và Điều 17 của Luật này có hiệu lực thi hành từ ngày 01 tháng 01 năm 2026",https://vanban.chinhphu.vn/?docid=216941&pageid=27160
passage_000143,doc_000001,VBHN 12/VBHN-VPQH năm 2026 - Luật Thuế giá trị gia tăng,"Chương IV - Điều khoản thi hành. Điều 18 - Hiệu lực thi hành. Khoản 3: Luật Thuế giá trị gia tăng số 13/2008/QH12 đã được sửa đổi, bổ sung một số điều theo Luật số 31/2013/QH13, Luật số 71/2014/QH13 và Luật số 106/2016/QH13 hết hiệu lực kể từ ngày Luật này có hiệu lực thi hành",https://vanban.chinhphu.vn/?docid=216941&pageid=27160
passage_000144,doc_000002,VBHN 103/VBHN-VPQH năm 2025 - Luật Thuế thu nhập cá nhân,"Chương I - Những quy định chung. Điều 1 - Phạm vi điều chỉnh: Luật này quy định về đối tượng nộp thuế, thu nhập chịu thuế, thu nhập được miễn thuế, giảm thuế và căn cứ tính thuế thu nhập cá nhân",https://vanban.chinhphu.vn/?classid=2629&docid=215222&pageid=27160
passage_000145,doc_000002,VBHN 103/VBHN-VPQH năm 2025 - Luật Thuế thu nhập cá nhân,Chương I - Những quy định chung. Điều 2 - Đối tượng nộp thuế. Khoản 1: Đối tượng nộp thuế thu nhập cá nhân là cá nhân cư trú có thu nhập chịu thuế quy định tại Điều 3 của Luật này phát sinh trong và ngoài lãnh thổ Việt Nam và cá nhân không cư trú có thu nhập chịu thuế quy định tại Điều 3 của Luật này phát sinh trong lãnh thổ Việt Nam,https://vanban.chinhphu.vn/?classid=2629&docid=215222&pageid=27160
passage_000146,doc_000002,VBHN 103/VBHN-VPQH năm 2025 - Luật Thuế thu nhập cá nhân,"Chương I - Những quy định chung. Điều 2 - Đối tượng nộp thuế. Khoản 2, điểm a: Có mặt tại Việt Nam từ 183 ngày trở lên tính trong một năm dương lịch hoặc tính theo 12 tháng liên tục kể từ ngày đầu tiên có mặt tại Việt Nam",https://vanban.chinhphu.vn/?classid=2629&docid=215222&pageid=27160
passage_000147,doc_000002,VBHN 103/VBHN-VPQH năm 2025 - Luật Thuế thu nhập cá nhân,"Chương I - Những quy định chung. Điều 2 - Đối tượng nộp thuế. Khoản 2, điểm b: Có nơi ở thường xuyên tại Việt Nam, bao gồm có nơi ở đăng ký thường trú hoặc có nhà thuê để ở tại Việt Nam theo hợp đồng thuê có thời hạn",https://vanban.chinhphu.vn/?classid=2629&docid=215222&pageid=27160
passage_000148,doc_000002,VBHN 103/VBHN-VPQH năm 2025 - Luật Thuế thu nhập cá nhân,Chương I - Những quy định chung. Điều 2 - Đối tượng nộp thuế. Khoản 3: Cá nhân không cư trú là người không đáp ứng điều kiện quy định tại khoản 2 Điều này,https://vanban.chinhphu.vn/?classid=2629&docid=215222&pageid=27160
passage_000149,doc_000002,VBHN 103/VBHN-VPQH năm 2025 - Luật Thuế thu nhập cá nhân,"Chương I - Những quy định chung. Điều 3 - Thu nhập chịu thuế. Khoản 1, điểm a: Thu nhập từ hoạt động sản xuất, kinh doanh hàng hóa, dịch vụ",https://vanban.chinhphu.vn/?classid=2629&docid=215222&pageid=27160
passage_000150,doc_000002,VBHN 103/VBHN-VPQH năm 2025 - Luật Thuế thu nhập cá nhân,"Chương I - Những quy định chung. Điều 3 - Thu nhập chịu thuế. Khoản 1, điểm b: Thu nhập từ hoạt động hành nghề độc lập của cá nhân có giấy phép hoặc chứng chỉ hành nghề theo quy định của pháp luật. Thu nhập từ kinh doanh quy định tại khoản này không bao gồm thu nhập của hộ, cá nhân sản xuất, kinh doanh có doanh thu dưới mức quy định tại khoản 25 Điều 5 của Luật Thuế giá trị gia tăng",https://vanban.chinhphu.vn/?classid=2629&docid=215222&pageid=27160
passage_000151,doc_000002,VBHN 103/VBHN-VPQH năm 2025 - Luật Thuế thu nhập cá nhân,"Chương I - Những quy định chung. Điều 3 - Thu nhập chịu thuế. Khoản 2, điểm a: Tiền lương, tiền công và các khoản có tính chất tiền lương, tiền công",https://vanban.chinhphu.vn/?classid=2629&docid=215222&pageid=27160
passage_000152,doc_000002,VBHN 103/VBHN-VPQH năm 2025 - Luật Thuế thu nhập cá nhân,"Chương I - Những quy định chung. Điều 3 - Thu nhập chịu thuế. Khoản 2, điểm b: Các khoản phụ cấp, trợ cấp, trừ các khoản: phụ cấp, trợ cấp theo quy định của pháp luật về ưu đãi người có công; phụ cấp quốc phòng, an ninh; phụ cấp độc hại, nguy hiểm đối với ngành, nghề hoặc công việc ở nơi làm việc có yếu tố độc hại, nguy hiểm; phụ cấp thu hút, phụ cấp khu vực theo quy định của pháp luật; trợ cấp khó khăn đột xuất, trợ cấp tai nạn lao động, bệnh nghề nghiệp, trợ cấp một lần khi sinh con hoặc nhận nuôi con nuôi, trợ cấp do suy giảm khả năng lao động, trợ cấp hưu trí một lần, tiền tuất hàng tháng và các khoản trợ cấp khác theo quy định của pháp luật về bảo hiểm xã hội; trợ cấp thôi việc, trợ cấp mất việc làm theo quy định của Bộ luật Lao động; trợ cấp mang tính chất bảo trợ xã hội và các khoản phụ cấp, trợ cấp khác không mang tính chất tiền lương, tiền công theo quy định của Chính phủ",https://vanban.chinhphu.vn/?classid=2629&docid=215222&pageid=27160
passage_000153,doc_000002,VBHN 103/VBHN-VPQH năm 2025 - Luật Thuế thu nhập cá nhân,"Chương I - Những quy định chung. Điều 3 - Thu nhập chịu thuế. Khoản 3, điểm a: Tiền lãi cho vay",https://vanban.chinhphu.vn/?classid=2629&docid=215222&pageid=27160
passage_000154,doc_000002,VBHN 103/VBHN-VPQH năm 2025 - Luật Thuế thu nhập cá nhân,"Chương I - Những quy định chung. Điều 3 - Thu nhập chịu thuế. Khoản 3, điểm b: Lợi tức cổ phần",https://vanban.chinhphu.vn/?classid=2629&docid=215222&pageid=27160
passage_000155,doc_000002,VBHN 103/VBHN-VPQH năm 2025 - Luật Thuế thu nhập cá nhân,"Chương I - Những quy định chung. Điều 3 - Thu nhập chịu thuế. Khoản 3, điểm c: Thu nhập từ đầu tư vốn dưới các hình thức khác, trừ thu nhập từ lãi trái phiếu Chính phủ",https://vanban.chinhphu.vn/?classid=2629&docid=215222&pageid=27160
passage_000156,doc_000002,VBHN 103/VBHN-VPQH năm 2025 - Luật Thuế thu nhập cá nhân,"Chương I - Những quy định chung. Điều 3 - Thu nhập chịu thuế. Khoản 4, điểm a: Thu nhập từ chuyển nhượng phần vốn trong các tổ chức kinh tế",https://vanban.chinhphu.vn/?classid=2629&docid=215222&pageid=27160
passage_000157,doc_000002,VBHN 103/VBHN-VPQH năm 2025 - Luật Thuế thu nhập cá nhân,"Chương I - Những quy định chung. Điều 3 - Thu nhập chịu thuế. Khoản 4, điểm b: Thu nhập từ chuyển nhượng chứng khoán",https://vanban.chinhphu.vn/?classid=2629&docid=215222&pageid=27160
passage_000158,doc_000002,VBHN 103/VBHN-VPQH năm 2025 - Luật Thuế thu nhập cá nhân,"Chương I - Những quy định chung. Điều 3 - Thu nhập chịu thuế. Khoản 4, điểm c: Thu nhập từ chuyển nhượng vốn dưới các hình thức khác",https://vanban.chinhphu.vn/?classid=2629&docid=215222&pageid=27160
passage_000159,doc_000002,VBHN 103/VBHN-VPQH năm 2025 - Luật Thuế thu nhập cá nhân,"Chương I - Những quy định chung. Điều 3 - Thu nhập chịu thuế. Khoản 5, điểm a: Thu nhập từ chuyển nhượng quyền sử dụng đất và tài sản gắn liền với đất",https://vanban.chinhphu.vn/?classid=2629&docid=215222&pageid=27160
passage_000160,doc_000002,VBHN 103/VBHN-VPQH năm 2025 - Luật Thuế thu nhập cá nhân,"Chương I - Những quy định chung. Điều 3 - Thu nhập chịu thuế. Khoản 5, điểm b: Thu nhập từ chuyển nhượng quyền sở hữu hoặc sử dụng nhà ở",https://vanban.chinhphu.vn/?classid=2629&docid=215222&pageid=27160
passage_000161,doc_000002,VBHN 103/VBHN-VPQH năm 2025 - Luật Thuế thu nhập cá nhân,"Chương I - Những quy định chung. Điều 3 - Thu nhập chịu thuế. Khoản 5, điểm c: Thu nhập từ chuyển nhượng quyền thuê đất, quyền thuê mặt nước",https://vanban.chinhphu.vn/?classid=2629&docid=215222&pageid=27160
passage_000162,doc_000002,VBHN 103/VBHN-VPQH năm 2025 - Luật Thuế thu nhập cá nhân,"Chương I - Những quy định chung. Điều 3 - Thu nhập chịu thuế. Khoản 5, điểm d: Các khoản thu nhập khác nhận được từ chuyển nhượng bất động sản dưới mọi hình thức",https://vanban.chinhphu.vn/?classid=2629&docid=215222&pageid=27160
passage_000163,doc_000002,VBHN 103/VBHN-VPQH năm 2025 - Luật Thuế thu nhập cá nhân,"Chương I - Những quy định chung. Điều 3 - Thu nhập chịu thuế. Khoản 6, điểm a: Trúng thưởng xổ số",https://vanban.chinhphu.vn/?classid=2629&docid=215222&pageid=27160
passage_000164,doc_000002,VBHN 103/VBHN-VPQH năm 2025 - Luật Thuế thu nhập cá nhân,"Chương I - Những quy định chung. Điều 3 - Thu nhập chịu thuế. Khoản 6, điểm b: Trúng thưởng trong các hình thức khuyến mại",https://vanban.chinhphu.vn/?classid=2629&docid=215222&pageid=27160
passage_000165,doc_000002,VBHN 103/VBHN-VPQH năm 2025 - Luật Thuế thu nhập cá nhân,"Chương I - Những quy định chung. Điều 3 - Thu nhập chịu thuế. Khoản 6, điểm c: Trúng thưởng trong các hình thức cá cược",https://vanban.chinhphu.vn/?classid=2629&docid=215222&pageid=27160
passage_000166,doc_000002,VBHN 103/VBHN-VPQH năm 2025 - Luật Thuế thu nhập cá nhân,"Chương I - Những quy định chung. Điều 3 - Thu nhập chịu thuế. Khoản 6, điểm d: Trúng thưởng trong các trò chơi, cuộc thi có thưởng và các hình thức trúng thưởng khác",https://vanban.chinhphu.vn/?classid=2629&docid=215222&pageid=27160
passage_000167,doc_000002,VBHN 103/VBHN-VPQH năm 2025 - Luật Thuế thu nhập cá nhân,"Chương I - Những quy định chung. Điều 3 - Thu nhập chịu thuế. Khoản 7, điểm a: Thu nhập từ chuyển giao, chuyển quyền sử dụng các đối tượng của quyền sở hữu trí tuệ",https://vanban.chinhphu.vn/?classid=2629&docid=215222&pageid=27160
passage_000168,doc_000002,VBHN 103/VBHN-VPQH năm 2025 - Luật Thuế thu nhập cá nhân,"Chương I - Những quy định chung. Điều 3 - Thu nhập chịu thuế. Khoản 7, điểm b: Thu nhập từ chuyển giao công nghệ",https://vanban.chinhphu.vn/?classid=2629&docid=215222&pageid=27160
passage_000169,doc_000002,VBHN 103/VBHN-VPQH năm 2025 - Luật Thuế thu nhập cá nhân,Chương I - Những quy định chung. Điều 3 - Thu nhập chịu thuế. Khoản 8: Thu nhập từ nhượng quyền thương mại,https://vanban.chinhphu.vn/?classid=2629&docid=215222&pageid=27160
passage_000170,doc_000002,VBHN 103/VBHN-VPQH năm 2025 - Luật Thuế thu nhập cá nhân,"Chương I - Những quy định chung. Điều 3 - Thu nhập chịu thuế. Khoản 9: Thu nhập từ nhận thừa kế là chứng khoán, phần vốn trong các tổ chức kinh tế, cơ sở kinh doanh, bất động sản và tài sản khác phải đăng ký sở hữu hoặc đăng ký sử dụng",https://vanban.chinhphu.vn/?classid=2629&docid=215222&pageid=27160
passage_000171,doc_000002,VBHN 103/VBHN-VPQH năm 2025 - Luật Thuế thu nhập cá nhân,"Chương I - Những quy định chung. Điều 4 - Thu nhập được miễn thuế. Khoản 1: Thu nhập từ chuyển nhượng bất động sản giữa vợ với chồng; cha đẻ, mẹ đẻ với con đẻ; cha nuôi, mẹ nuôi với con nuôi; cha chồng, mẹ chồng với con dâu; cha vợ, mẹ vợ với con rể; ông nội, bà nội với cháu nội; ông ngoại, bà ngoại với cháu ngoại; anh, chị, em ruột với nhau",https://vanban.chinhphu.vn/?classid=2629&docid=215222&pageid=27160
passage_000172,doc_000002,VBHN 103/VBHN-VPQH năm 2025 - Luật Thuế thu nhập cá nhân,"Chương I - Những quy định chung. Điều 4 - Thu nhập được miễn thuế. Khoản 2: Thu nhập từ chuyển nhượng nhà ở, quyền sử dụng đất ở và tài sản gắn liền với đất ở của cá nhân trong trường hợp cá nhân chỉ có một nhà ở, đất ở duy nhất",https://vanban.chinhphu.vn/?classid=2629&docid=215222&pageid=27160
passage_000173,doc_000002,VBHN 103/VBHN-VPQH năm 2025 - Luật Thuế thu nhập cá nhân,Chương I - Những quy định chung. Điều 4 - Thu nhập được miễn thuế. Khoản 3: Thu nhập từ giá trị quyền sử dụng đất của cá nhân được Nhà nước giao đất,https://vanban.chinhphu.vn/?classid=2629&docid=215222&pageid=27160
passage_000174,doc_000002,VBHN 103/VBHN-VPQH năm 2025 - Luật Thuế thu nhập cá nhân,"Chương I - Những quy định chung. Điều 4 - Thu nhập được miễn thuế. Khoản 4: Thu nhập từ nhận thừa kế, quà tặng là bất động sản giữa vợ với chồng; cha đẻ, mẹ đẻ với con đẻ; cha nuôi, mẹ nuôi với con nuôi; cha chồng, mẹ chồng với con dâu; cha vợ, mẹ vợ với con rể; ông nội, bà nội với cháu nội; ông ngoại, bà ngoại với cháu ngoại; anh, chị, em ruột với nhau",https://vanban.chinhphu.vn/?classid=2629&docid=215222&pageid=27160
passage_000175,doc_000002,VBHN 103/VBHN-VPQH năm 2025 - Luật Thuế thu nhập cá nhân,"Chương I - Những quy định chung. Điều 4 - Thu nhập được miễn thuế. Khoản 5: Thu nhập của hộ gia đình, cá nhân trực tiếp sản xuất nông nghiệp, lâm nghiệp, làm muối, nuôi trồng, đánh bắt thủy sản chưa qua chế biến thành các sản phẩm khác hoặc chỉ qua sơ chế thông thường",https://vanban.chinhphu.vn/?classid=2629&docid=215222&pageid=27160
passage_000176,doc_000002,VBHN 103/VBHN-VPQH năm 2025 - Luật Thuế thu nhập cá nhân,"Chương I - Những quy định chung. Điều 4 - Thu nhập được miễn thuế. Khoản 6: Thu nhập từ chuyển đổi đất nông nghiệp của hộ gia đình, cá nhân được Nhà nước giao để sản xuất",https://vanban.chinhphu.vn/?classid=2629&docid=215222&pageid=27160
passage_000177,doc_000002,VBHN 103/VBHN-VPQH năm 2025 - Luật Thuế thu nhập cá nhân,"Chương I - Những quy định chung. Điều 4 - Thu nhập được miễn thuế. Khoản 7: Thu nhập từ lãi tiền gửi tại tổ chức tín dụng, lãi từ hợp đồng bảo hiểm nhân thọ",https://vanban.chinhphu.vn/?classid=2629&docid=215222&pageid=27160
passage_000178,doc_000002,VBHN 103/VBHN-VPQH năm 2025 - Luật Thuế thu nhập cá nhân,Chương I - Những quy định chung. Điều 4 - Thu nhập được miễn thuế. Khoản 8: Thu nhập từ kiều hối,https://vanban.chinhphu.vn/?classid=2629&docid=215222&pageid=27160
passage_000179,doc_000002,VBHN 103/VBHN-VPQH năm 2025 - Luật Thuế thu nhập cá nhân,"Chương I - Những quy định chung. Điều 4 - Thu nhập được miễn thuế. Khoản 9: Phần tiền lương làm việc ban đêm, làm thêm giờ được trả cao hơn so với tiền lương làm việc ban ngày, làm trong giờ theo quy định của pháp luật",https://vanban.chinhphu.vn/?classid=2629&docid=215222&pageid=27160
passage_000180,doc_000002,VBHN 103/VBHN-VPQH năm 2025 - Luật Thuế thu nhập cá nhân,Chương I - Những quy định chung. Điều 4 - Thu nhập được miễn thuế. Khoản 10: Tiền lương hưu do Quỹ Bảo hiểm xã hội chi trả; tiền lương hưu do quỹ hưu trí tự nguyện chi trả hàng tháng,https://vanban.chinhphu.vn/?classid=2629&docid=215222&pageid=27160
passage_000181,doc_000002,VBHN 103/VBHN-VPQH năm 2025 - Luật Thuế thu nhập cá nhân,"Chương I - Những quy định chung. Điều 4 - Thu nhập được miễn thuế. Khoản 11, điểm a: Học bổng nhận được từ ngân sách nhà nước",https://vanban.chinhphu.vn/?classid=2629&docid=215222&pageid=27160
passage_000182,doc_000002,VBHN 103/VBHN-VPQH năm 2025 - Luật Thuế thu nhập cá nhân,"Chương I - Những quy định chung. Điều 4 - Thu nhập được miễn thuế. Khoản 11, điểm b: Học bổng nhận được từ tổ chức trong nước và ngoài nước theo chương trình hỗ trợ khuyến học của tổ chức đó",https://vanban.chinhphu.vn/?classid=2629&docid=215222&pageid=27160
passage_000183,doc_000002,VBHN 103/VBHN-VPQH năm 2025 - Luật Thuế thu nhập cá nhân,"Chương I - Những quy định chung. Điều 4 - Thu nhập được miễn thuế. Khoản 12: Thu nhập từ bồi thường hợp đồng bảo hiểm nhân thọ, phi nhân thọ, tiền bồi thường tai nạn lao động, khoản bồi thường nhà nước và các khoản bồi thường khác theo quy định của pháp luật",https://vanban.chinhphu.vn/?classid=2629&docid=215222&pageid=27160
passage_000184,doc_000002,VBHN 103/VBHN-VPQH năm 2025 - Luật Thuế thu nhập cá nhân,"Chương I - Những quy định chung. Điều 4 - Thu nhập được miễn thuế. Khoản 13: Thu nhập nhận được từ quỹ từ thiện được cơ quan nhà nước có thẩm quyền cho phép thành lập hoặc công nhận, hoạt động vì mục đích từ thiện, nhân đạo, không nhằm mục đích lợi nhuận",https://vanban.chinhphu.vn/?classid=2629&docid=215222&pageid=27160
passage_000185,doc_000002,VBHN 103/VBHN-VPQH năm 2025 - Luật Thuế thu nhập cá nhân,"Chương I - Những quy định chung. Điều 4 - Thu nhập được miễn thuế. Khoản 14: Thu nhập nhận được từ nguồn viện trợ nước ngoài vì mục đích từ thiện, nhân đạo dưới hình thức chính phủ và phi chính phủ được cơ quan nhà nước có thẩm quyền phê duyệt",https://vanban.chinhphu.vn/?classid=2629&docid=215222&pageid=27160
passage_000186,doc_000002,VBHN 103/VBHN-VPQH năm 2025 - Luật Thuế thu nhập cá nhân,"Chương I - Những quy định chung. Điều 4 - Thu nhập được miễn thuế. Khoản 15: Thu nhập từ tiền lương, tiền công của thuyền viên là người Việt Nam làm việc cho các hãng tàu nước ngoài hoặc các hãng tàu Việt Nam vận tải quốc tế",https://vanban.chinhphu.vn/?classid=2629&docid=215222&pageid=27160
passage_000187,doc_000002,VBHN 103/VBHN-VPQH năm 2025 - Luật Thuế thu nhập cá nhân,"Chương I - Những quy định chung. Điều 4 - Thu nhập được miễn thuế. Khoản 16: Thu nhập của cá nhân là chủ tàu, cá nhân có quyền sử dụng tàu và cá nhân làm việc trên tàu từ hoạt động cung cấp hàng hóa, dịch vụ trực tiếp phục vụ hoạt động khai thác, đánh bắt thủy sản xa bờ",https://vanban.chinhphu.vn/?classid=2629&docid=215222&pageid=27160
passage_000188,doc_000002,VBHN 103/VBHN-VPQH năm 2025 - Luật Thuế thu nhập cá nhân,"Chương I - Những quy định chung. Điều 4 - Thu nhập được miễn thuế. Khoản 17, điểm a: Thu nhập từ dự án hoạt động công nghiệp công nghệ số trong khu công nghệ số tập trung",https://vanban.chinhphu.vn/?classid=2629&docid=215222&pageid=27160
passage_000189,doc_000002,VBHN 103/VBHN-VPQH năm 2025 - Luật Thuế thu nhập cá nhân,"Chương I - Những quy định chung. Điều 4 - Thu nhập được miễn thuế. Khoản 17, điểm b: Thu nhập từ dự án nghiên cứu và phát triển, sản xuất sản phẩm công nghệ số trọng điểm, chip bán dẫn, hệ thống trí tuệ nhân tạo",https://vanban.chinhphu.vn/?classid=2629&docid=215222&pageid=27160
passage_000190,doc_000002,VBHN 103/VBHN-VPQH năm 2025 - Luật Thuế thu nhập cá nhân,"Chương I - Những quy định chung. Điều 4 - Thu nhập được miễn thuế. Khoản 17, điểm c: Thu nhập từ các hoạt động đào tạo nhân lực công nghiệp công nghệ số",https://vanban.chinhphu.vn/?classid=2629&docid=215222&pageid=27160
passage_000191,doc_000002,VBHN 103/VBHN-VPQH năm 2025 - Luật Thuế thu nhập cá nhân,"Chương I - Những quy định chung. Điều 4 - Thu nhập được miễn thuế. Khoản 18: Thu nhập từ tiền lương, tiền công từ thực hiện nhiệm vụ khoa học, công nghệ và đổi mới sáng tạo",https://vanban.chinhphu.vn/?classid=2629&docid=215222&pageid=27160
passage_000192,doc_000002,VBHN 103/VBHN-VPQH năm 2025 - Luật Thuế thu nhập cá nhân,"Chương I - Những quy định chung. Điều 4 - Thu nhập được miễn thuế. Khoản 19: Thu nhập từ quyền tác giả của nhiệm vụ khoa học, công nghệ và đổi mới sáng tạo khi kết quả nhiệm vụ được thương mại hóa theo quy định của pháp luật về khoa học, công nghệ và đổi mới sáng tạo, pháp luật về sở hữu trí tuệ",https://vanban.chinhphu.vn/?classid=2629&docid=215222&pageid=27160
passage_000193,doc_000002,VBHN 103/VBHN-VPQH năm 2025 - Luật Thuế thu nhập cá nhân,"Chương I - Những quy định chung. Điều 4 - Thu nhập được miễn thuế. Khoản 20: Thu nhập của nhà đầu tư cá nhân, chuyên gia làm việc cho dự án khởi nghiệp sáng tạo, sáng lập viên doanh nghiệp khởi nghiệp sáng tạo, nhà đầu tư cá nhân góp vốn vào quỹ đầu tư mạo hiểm",https://vanban.chinhphu.vn/?classid=2629&docid=215222&pageid=27160
passage_000194,doc_000002,VBHN 103/VBHN-VPQH năm 2025 - Luật Thuế thu nhập cá nhân,"Chương I - Những quy định chung. Điều 5 - Giảm thuế: Đối tượng nộp thuế gặp khó khăn do thiên tai, hỏa hoạn, tai nạn, bệnh hiểm nghèo ảnh hưởng đến khả năng nộp thuế thì được xét giảm thuế tương ứng với mức độ thiệt hại nhưng không vượt quá số thuế phải nộp",https://vanban.chinhphu.vn/?classid=2629&docid=215222&pageid=27160
passage_000195,doc_000002,VBHN 103/VBHN-VPQH năm 2025 - Luật Thuế thu nhập cá nhân,Chương I - Những quy định chung. Điều 6 - Quy đổi thu nhập chịu thuế ra đồng việt nam. Khoản 1: Thu nhập chịu thuế nhận được bằng ngoại tệ phải được quy đổi ra Đồng Việt Nam theo tỷ giá giao dịch bình quân trên thị trường ngoại tệ liên ngân hàng do Ngân hàng Nhà nước Việt Nam công bố tại thời điểm phát sinh thu nhập,https://vanban.chinhphu.vn/?classid=2629&docid=215222&pageid=27160
passage_000196,doc_000002,VBHN 103/VBHN-VPQH năm 2025 - Luật Thuế thu nhập cá nhân,"Chương I - Những quy định chung. Điều 6 - Quy đổi thu nhập chịu thuế ra đồng việt nam. Khoản 2: Thu nhập chịu thuế nhận được không bằng tiền phải được quy đổi ra Đồng Việt Nam theo giá thị trường của sản phẩm, dịch vụ đó hoặc sản phẩm, dịch vụ cùng loại hoặc tương đương tại thời điểm phát sinh thu nhập",https://vanban.chinhphu.vn/?classid=2629&docid=215222&pageid=27160
passage_000197,doc_000002,VBHN 103/VBHN-VPQH năm 2025 - Luật Thuế thu nhập cá nhân,"Chương I - Những quy định chung. Điều 7 - Kỳ tính thuế. Khoản 1, điểm a: Kỳ tính thuế theo năm áp dụng đối với thu nhập từ kinh doanh; thu nhập từ tiền lương, tiền công",https://vanban.chinhphu.vn/?classid=2629&docid=215222&pageid=27160
passage_000198,doc_000002,VBHN 103/VBHN-VPQH năm 2025 - Luật Thuế thu nhập cá nhân,"Chương I - Những quy định chung. Điều 7 - Kỳ tính thuế. Khoản 1, điểm b: Kỳ tính thuế theo từng lần phát sinh thu nhập áp dụng đối với thu nhập từ đầu tư vốn; thu nhập từ chuyển nhượng vốn, trừ thu nhập từ chuyển nhượng chứng khoán; thu nhập từ chuyển nhượng bất động sản; thu nhập từ trúng thưởng; thu nhập từ bản quyền; thu nhập từ nhượng quyền thương mại; thu nhập từ thừa kế; thu nhập từ quà tặng",https://vanban.chinhphu.vn/?classid=2629&docid=215222&pageid=27160
passage_000199,doc_000002,VBHN 103/VBHN-VPQH năm 2025 - Luật Thuế thu nhập cá nhân,"Chương I - Những quy định chung. Điều 7 - Kỳ tính thuế. Khoản 1, điểm c: Kỳ tính thuế theo từng lần chuyển nhượng hoặc theo năm đối với thu nhập từ chuyển nhượng chứng khoán",https://vanban.chinhphu.vn/?classid=2629&docid=215222&pageid=27160
passage_000200,doc_000002,VBHN 103/VBHN-VPQH năm 2025 - Luật Thuế thu nhập cá nhân,Chương I - Những quy định chung. Điều 7 - Kỳ tính thuế. Khoản 2: Kỳ tính thuế đối với cá nhân không cư trú được tính theo từng lần phát sinh thu nhập áp dụng đối với tất cả thu nhập chịu thuế,https://vanban.chinhphu.vn/?classid=2629&docid=215222&pageid=27160
passage_000201,doc_000002,VBHN 103/VBHN-VPQH năm 2025 - Luật Thuế thu nhập cá nhân,"Chương I - Những quy định chung. Điều 8 - Quản lý thuế và hoàn thuế. Khoản 1: Việc đăng ký thuế, kê khai, khấu trừ thuế, nộp thuế, quyết toán thuế, hoàn thuế, xử lý vi phạm pháp luật về thuế và các biện pháp quản lý thuế được thực hiện theo quy định của pháp luật về quản lý thuế",https://vanban.chinhphu.vn/?classid=2629&docid=215222&pageid=27160
passage_000202,doc_000002,VBHN 103/VBHN-VPQH năm 2025 - Luật Thuế thu nhập cá nhân,"Chương I - Những quy định chung. Điều 8 - Quản lý thuế và hoàn thuế. Khoản 2, điểm a: Số tiền thuế đã nộp lớn hơn số thuế phải nộp",https://vanban.chinhphu.vn/?classid=2629&docid=215222&pageid=27160
passage_000203,doc_000002,VBHN 103/VBHN-VPQH năm 2025 - Luật Thuế thu nhập cá nhân,"Chương I - Những quy định chung. Điều 8 - Quản lý thuế và hoàn thuế. Khoản 2, điểm b: Cá nhân đã nộp thuế nhưng có thu nhập tính thuế chưa đến mức phải nộp thuế",https://vanban.chinhphu.vn/?classid=2629&docid=215222&pageid=27160
passage_000204,doc_000002,VBHN 103/VBHN-VPQH năm 2025 - Luật Thuế thu nhập cá nhân,"Chương I - Những quy định chung. Điều 8 - Quản lý thuế và hoàn thuế. Khoản 2, điểm c: Các trường hợp khác theo quyết định của cơ quan nhà nước có thẩm quyền",https://vanban.chinhphu.vn/?classid=2629&docid=215222&pageid=27160
passage_000205,doc_000002,VBHN 103/VBHN-VPQH năm 2025 - Luật Thuế thu nhập cá nhân,Chương I - Những quy định chung. Điều 9 - Áp dụng điều ước quốc tế: Trường hợp điều ước quốc tế mà Cộng hòa xã hội chủ nghĩa Việt Nam là thành viên có quy định về thuế thu nhập cá nhân khác với quy định của Luật này thì áp dụng quy định của điều ước quốc tế đó. Mục 1 XÁC ĐỊNH THU NHẬP CHỊU THUẾ VÀ THU NHẬP TÍNH THUẾ,https://vanban.chinhphu.vn/?classid=2629&docid=215222&pageid=27160
passage_000206,doc_000002,VBHN 103/VBHN-VPQH năm 2025 - Luật Thuế thu nhập cá nhân,"Chương II - Căn cứ tính thuế đối với cá nhân cư trú. Điều 10 - Thuế đối với cá nhân kinh doanh. Khoản 1: Cá nhân kinh doanh nộp thuế thu nhập cá nhân theo tỷ lệ trên doanh thu đối với từng lĩnh vực, ngành nghề sản xuất, kinh doanh",https://vanban.chinhphu.vn/?classid=2629&docid=215222&pageid=27160
passage_000207,doc_000002,VBHN 103/VBHN-VPQH năm 2025 - Luật Thuế thu nhập cá nhân,"Chương II - Căn cứ tính thuế đối với cá nhân cư trú. Điều 10 - Thuế đối với cá nhân kinh doanh. Khoản 2: Doanh thu là toàn bộ tiền bán hàng, tiền gia công, tiền hoa hồng, tiền cung ứng dịch vụ phát sinh trong kỳ tính thuế từ các hoạt động sản xuất, kinh doanh hàng hóa, dịch vụ. Trường hợp cá nhân kinh doanh không xác định được doanh thu thì cơ quan thuế có thẩm quyền ấn định doanh thu theo quy định của pháp luật về quản lý thuế",https://vanban.chinhphu.vn/?classid=2629&docid=215222&pageid=27160
passage_000208,doc_000002,VBHN 103/VBHN-VPQH năm 2025 - Luật Thuế thu nhập cá nhân,"Chương II - Căn cứ tính thuế đối với cá nhân cư trú. Điều 10 - Thuế đối với cá nhân kinh doanh. Khoản 3, điểm a: Phân phối, cung cấp hàng hóa: 0,5%",https://vanban.chinhphu.vn/?classid=2629&docid=215222&pageid=27160
passage_000209,doc_000002,VBHN 103/VBHN-VPQH năm 2025 - Luật Thuế thu nhập cá nhân,"Chương II - Căn cứ tính thuế đối với cá nhân cư trú. Điều 10 - Thuế đối với cá nhân kinh doanh. Khoản 3, điểm b: Dịch vụ, xây dựng không bao thầu nguyên vật liệu: 2%. Riêng hoạt động cho thuê tài sản, đại lý bảo hiểm, đại lý xổ số, đại lý bán hàng đa cấp: 5%",https://vanban.chinhphu.vn/?classid=2629&docid=215222&pageid=27160
passage_000210,doc_000002,VBHN 103/VBHN-VPQH năm 2025 - Luật Thuế thu nhập cá nhân,"Chương II - Căn cứ tính thuế đối với cá nhân cư trú. Điều 10 - Thuế đối với cá nhân kinh doanh. Khoản 3, điểm c: Sản xuất, vận tải, dịch vụ có gắn với hàng hóa, xây dựng có bao thầu nguyên vật liệu: 1,5%",https://vanban.chinhphu.vn/?classid=2629&docid=215222&pageid=27160
passage_000211,doc_000002,VBHN 103/VBHN-VPQH năm 2025 - Luật Thuế thu nhập cá nhân,"Chương II - Căn cứ tính thuế đối với cá nhân cư trú. Điều 10 - Thuế đối với cá nhân kinh doanh. Khoản 3, điểm d: Hoạt động kinh doanh khác: 1%",https://vanban.chinhphu.vn/?classid=2629&docid=215222&pageid=27160
passage_000212,doc_000002,VBHN 103/VBHN-VPQH năm 2025 - Luật Thuế thu nhập cá nhân,"Chương II - Căn cứ tính thuế đối với cá nhân cư trú. Điều 11 - Thu nhập chịu thuế từ tiền lương, tiền công. Khoản 1: Thu nhập chịu thuế từ tiền lương, tiền công được xác định bằng tổng số thu nhập quy định tại khoản 2 Điều 3 của Luật này mà đối tượng nộp thuế nhận được trong kỳ tính thuế",https://vanban.chinhphu.vn/?classid=2629&docid=215222&pageid=27160
passage_000213,doc_000002,VBHN 103/VBHN-VPQH năm 2025 - Luật Thuế thu nhập cá nhân,"Chương II - Căn cứ tính thuế đối với cá nhân cư trú. Điều 11 - Thu nhập chịu thuế từ tiền lương, tiền công. Khoản 2: Thời điểm xác định thu nhập chịu thuế từ tiền lương, tiền công là thời điểm tổ chức, cá nhân trả thu nhập cho đối tượng nộp thuế hoặc thời điểm đối tượng nộp thuế nhận được thu nhập",https://vanban.chinhphu.vn/?classid=2629&docid=215222&pageid=27160
passage_000214,doc_000002,VBHN 103/VBHN-VPQH năm 2025 - Luật Thuế thu nhập cá nhân,Chương II - Căn cứ tính thuế đối với cá nhân cư trú. Điều 12 - Thu nhập chịu thuế từ đầu tư vốn. Khoản 1: Thu nhập chịu thuế từ đầu tư vốn là tổng số các khoản thu nhập từ đầu tư vốn quy định tại khoản 3 Điều 3 của Luật này mà đối tượng nộp thuế nhận được trong kỳ tính thuế,https://vanban.chinhphu.vn/?classid=2629&docid=215222&pageid=27160
passage_000215,doc_000002,VBHN 103/VBHN-VPQH năm 2025 - Luật Thuế thu nhập cá nhân,"Chương II - Căn cứ tính thuế đối với cá nhân cư trú. Điều 12 - Thu nhập chịu thuế từ đầu tư vốn. Khoản 2: Thời điểm xác định thu nhập chịu thuế từ đầu tư vốn là thời điểm tổ chức, cá nhân trả thu nhập cho đối tượng nộp thuế hoặc thời điểm đối tượng nộp thuế nhận được thu nhập",https://vanban.chinhphu.vn/?classid=2629&docid=215222&pageid=27160
passage_000216,doc_000002,VBHN 103/VBHN-VPQH năm 2025 - Luật Thuế thu nhập cá nhân,"Chương II - Căn cứ tính thuế đối với cá nhân cư trú. Điều 13 - Thu nhập chịu thuế từ chuyển nhượng vốn. Khoản 1: Thu nhập chịu thuế từ chuyển nhượng vốn được xác định bằng giá bán trừ giá mua và các khoản chi phí hợp lý liên quan đến việc tạo ra thu nhập từ chuyển nhượng vốn. Đối với hoạt động chuyển nhượng chứng khoán, thu nhập chịu thuế được xác định là giá chuyển nhượng từng lần",https://vanban.chinhphu.vn/?classid=2629&docid=215222&pageid=27160
passage_000217,doc_000002,VBHN 103/VBHN-VPQH năm 2025 - Luật Thuế thu nhập cá nhân,Chương II - Căn cứ tính thuế đối với cá nhân cư trú. Điều 14 - Thu nhập chịu thuế từ chuyển nhượng bất động sản. Khoản 1: Thu nhập chịu thuế từ chuyển nhượng bất động sản được xác định là giá chuyển nhượng từng lần; trường hợp chuyển nhượng quyền sử dụng đất thì thu nhập chịu thuế tính theo giá đất trong bảng giá đất,https://vanban.chinhphu.vn/?classid=2629&docid=215222&pageid=27160
passage_000218,doc_000002,VBHN 103/VBHN-VPQH năm 2025 - Luật Thuế thu nhập cá nhân,"Chương II - Căn cứ tính thuế đối với cá nhân cư trú. Điều 14 - Thu nhập chịu thuế từ chuyển nhượng bất động sản. Khoản 2: Chính phủ quy định nguyên tắc, phương pháp xác định giá chuyển nhượng bất động sản",https://vanban.chinhphu.vn/?classid=2629&docid=215222&pageid=27160
passage_000219,doc_000002,VBHN 103/VBHN-VPQH năm 2025 - Luật Thuế thu nhập cá nhân,Chương II - Căn cứ tính thuế đối với cá nhân cư trú. Điều 14 - Thu nhập chịu thuế từ chuyển nhượng bất động sản. Khoản 3: Thời điểm xác định thu nhập chịu thuế từ chuyển nhượng bất động sản là thời điểm hợp đồng chuyển nhượng có hiệu lực theo quy định của pháp luật,https://vanban.chinhphu.vn/?classid=2629&docid=215222&pageid=27160
passage_000220,doc_000002,VBHN 103/VBHN-VPQH năm 2025 - Luật Thuế thu nhập cá nhân,Chương II - Căn cứ tính thuế đối với cá nhân cư trú. Điều 15 - Thu nhập chịu thuế từ trúng thưởng. Khoản 1: Thu nhập chịu thuế từ trúng thưởng là phần giá trị giải thưởng vượt trên 10 triệu đồng mà đối tượng nộp thuế nhận được theo từng lần trúng thưởng,https://vanban.chinhphu.vn/?classid=2629&docid=215222&pageid=27160
passage_000221,doc_000002,VBHN 103/VBHN-VPQH năm 2025 - Luật Thuế thu nhập cá nhân,"Chương II - Căn cứ tính thuế đối với cá nhân cư trú. Điều 15 - Thu nhập chịu thuế từ trúng thưởng. Khoản 2: Thời điểm xác định thu nhập chịu thuế từ trúng thưởng là thời điểm tổ chức, cá nhân trả thu nhập cho đối tượng nộp thuế",https://vanban.chinhphu.vn/?classid=2629&docid=215222&pageid=27160
passage_000222,doc_000002,VBHN 103/VBHN-VPQH năm 2025 - Luật Thuế thu nhập cá nhân,"Chương II - Căn cứ tính thuế đối với cá nhân cư trú. Điều 16 - Thu nhập chịu thuế từ bản quyền. Khoản 1: Thu nhập chịu thuế từ bản quyền là phần thu nhập vượt trên 10 triệu đồng mà đối tượng nộp thuế nhận được khi chuyển giao, chuyển quyền sử dụng các đối tượng của quyền sở hữu trí tuệ, chuyển giao công nghệ theo từng hợp đồng",https://vanban.chinhphu.vn/?classid=2629&docid=215222&pageid=27160
passage_000223,doc_000002,VBHN 103/VBHN-VPQH năm 2025 - Luật Thuế thu nhập cá nhân,"Chương II - Căn cứ tính thuế đối với cá nhân cư trú. Điều 16 - Thu nhập chịu thuế từ bản quyền. Khoản 2: Thời điểm xác định thu nhập chịu thuế từ bản quyền là thời điểm tổ chức, cá nhân trả thu nhập cho đối tượng nộp thuế",https://vanban.chinhphu.vn/?classid=2629&docid=215222&pageid=27160
passage_000224,doc_000002,VBHN 103/VBHN-VPQH năm 2025 - Luật Thuế thu nhập cá nhân,Chương II - Căn cứ tính thuế đối với cá nhân cư trú. Điều 17 - Thu nhập chịu thuế từ nhượng quyền thương mại. Khoản 1: Thu nhập chịu thuế từ nhượng quyền thương mại là phần thu nhập vượt trên 10 triệu đồng mà đối tượng nộp thuế nhận được theo từng hợp đồng nhượng quyền thương mại,https://vanban.chinhphu.vn/?classid=2629&docid=215222&pageid=27160
passage_000225,doc_000002,VBHN 103/VBHN-VPQH năm 2025 - Luật Thuế thu nhập cá nhân,"Chương II - Căn cứ tính thuế đối với cá nhân cư trú. Điều 17 - Thu nhập chịu thuế từ nhượng quyền thương mại. Khoản 2: Thời điểm xác định thu nhập chịu thuế từ nhượng quyền thương mại là thời điểm tổ chức, cá nhân trả thu nhập cho đối tượng nộp thuế",https://vanban.chinhphu.vn/?classid=2629&docid=215222&pageid=27160
passage_000226,doc_000002,VBHN 103/VBHN-VPQH năm 2025 - Luật Thuế thu nhập cá nhân,"Chương II - Căn cứ tính thuế đối với cá nhân cư trú. Điều 18 - Thu nhập chịu thuế từ thừa kế, quà tặng. Khoản 1: Thu nhập chịu thuế từ thừa kế, quà tặng là phần giá trị tài sản thừa kế, quà tặng vượt trên 10 triệu đồng mà đối tượng nộp thuế nhận được theo từng lần phát sinh",https://vanban.chinhphu.vn/?classid=2629&docid=215222&pageid=27160
passage_000227,doc_000002,VBHN 103/VBHN-VPQH năm 2025 - Luật Thuế thu nhập cá nhân,"Chương II - Căn cứ tính thuế đối với cá nhân cư trú. Điều 18 - Thu nhập chịu thuế từ thừa kế, quà tặng. Khoản 2, điểm a: Đối với thu nhập từ thừa kế là thời điểm đối tượng nộp thuế nhận được thừa kế",https://vanban.chinhphu.vn/?classid=2629&docid=215222&pageid=27160
passage_000228,doc_000002,VBHN 103/VBHN-VPQH năm 2025 - Luật Thuế thu nhập cá nhân,"Chương II - Căn cứ tính thuế đối với cá nhân cư trú. Điều 18 - Thu nhập chịu thuế từ thừa kế, quà tặng. Khoản 2, điểm b: Đối với thu nhập từ quà tặng là thời điểm tổ chức, cá nhân tặng cho đối tượng nộp thuế hoặc thời điểm đối tượng nộp thuế nhận được thu nhập",https://vanban.chinhphu.vn/?classid=2629&docid=215222&pageid=27160
passage_000229,doc_000002,VBHN 103/VBHN-VPQH năm 2025 - Luật Thuế thu nhập cá nhân,"Chương II - Căn cứ tính thuế đối với cá nhân cư trú. Điều 19 - Giảm trừ gia cảnh. Khoản 1, điểm a: Mức giảm trừ đối với đối tượng nộp thuế là 9 triệu đồng/tháng (108 triệu đồng/năm)",https://vanban.chinhphu.vn/?classid=2629&docid=215222&pageid=27160
passage_000230,doc_000002,VBHN 103/VBHN-VPQH năm 2025 - Luật Thuế thu nhập cá nhân,"Chương II - Căn cứ tính thuế đối với cá nhân cư trú. Điều 19 - Giảm trừ gia cảnh. Khoản 1, điểm b: Mức giảm trừ đối với mỗi người phụ thuộc là 3,6 triệu đồng/tháng. Trường hợp chỉ số giá tiêu dùng (CPI) biến động trên 20% so với thời điểm Luật có hiệu lực thi hành hoặc thời điểm điều chỉnh mức giảm trừ gia cảnh gần nhất thì Chính phủ trình Ủy ban thường vụ Quốc hội điều chỉnh mức giảm trừ gia cảnh quy định tại khoản này phù hợp với biến động của giá cả để áp dụng cho kỳ tính thuế tiếp theo",https://vanban.chinhphu.vn/?classid=2629&docid=215222&pageid=27160
passage_000231,doc_000002,VBHN 103/VBHN-VPQH năm 2025 - Luật Thuế thu nhập cá nhân,Chương II - Căn cứ tính thuế đối với cá nhân cư trú. Điều 19 - Giảm trừ gia cảnh. Khoản 2: Việc xác định mức giảm trừ gia cảnh đối với người phụ thuộc thực hiện theo nguyên tắc mỗi người phụ thuộc chỉ được tính giảm trừ một lần vào một đối tượng nộp thuế,https://vanban.chinhphu.vn/?classid=2629&docid=215222&pageid=27160
passage_000232,doc_000002,VBHN 103/VBHN-VPQH năm 2025 - Luật Thuế thu nhập cá nhân,"Chương II - Căn cứ tính thuế đối với cá nhân cư trú. Điều 19 - Giảm trừ gia cảnh. Khoản 3, điểm a: Con chưa thành niên; con bị tàn tật, không có khả năng lao động",https://vanban.chinhphu.vn/?classid=2629&docid=215222&pageid=27160
passage_000233,doc_000002,VBHN 103/VBHN-VPQH năm 2025 - Luật Thuế thu nhập cá nhân,"Chương II - Căn cứ tính thuế đối với cá nhân cư trú. Điều 19 - Giảm trừ gia cảnh. Khoản 3, điểm b: Các cá nhân không có thu nhập hoặc có thu nhập không vượt quá mức quy định, bao gồm con thành niên đang học đại học, cao đẳng, trung học chuyên nghiệp hoặc học nghề; vợ hoặc chồng không có khả năng lao động; bố, mẹ đã hết tuổi lao động hoặc không có khả năng lao động; những người khác không nơi nương tựa mà người nộp thuế phải trực tiếp nuôi dưỡng. Chính phủ quy định mức thu nhập, kê khai để xác định người phụ thuộc được tính giảm trừ gia cảnh",https://vanban.chinhphu.vn/?classid=2629&docid=215222&pageid=27160
passage_000234,doc_000002,VBHN 103/VBHN-VPQH năm 2025 - Luật Thuế thu nhập cá nhân,"Chương II - Căn cứ tính thuế đối với cá nhân cư trú. Điều 20 - Giảm trừ đối với các khoản đóng góp từ thiện, nhân đạo. Khoản 1, điểm a: Khoản đóng góp vào tổ chức, cơ sở chăm sóc, nuôi dưỡng trẻ em có hoàn cảnh đặc biệt khó khăn, người tàn tật, người già không nơi nương tựa",https://vanban.chinhphu.vn/?classid=2629&docid=215222&pageid=27160
passage_000235,doc_000002,VBHN 103/VBHN-VPQH năm 2025 - Luật Thuế thu nhập cá nhân,"Chương II - Căn cứ tính thuế đối với cá nhân cư trú. Điều 20 - Giảm trừ đối với các khoản đóng góp từ thiện, nhân đạo. Khoản 1, điểm b: Khoản đóng góp vào quỹ từ thiện, quỹ nhân đạo, quỹ khuyến học",https://vanban.chinhphu.vn/?classid=2629&docid=215222&pageid=27160
passage_000236,doc_000002,VBHN 103/VBHN-VPQH năm 2025 - Luật Thuế thu nhập cá nhân,"Chương II - Căn cứ tính thuế đối với cá nhân cư trú. Điều 20 - Giảm trừ đối với các khoản đóng góp từ thiện, nhân đạo. Khoản 2: Tổ chức, cơ sở và các quỹ quy định tại điểm a và điểm b khoản 1 Điều này phải được cơ quan nhà nước có thẩm quyền cho phép thành lập hoặc công nhận, hoạt động vì mục đích từ thiện, nhân đạo, khuyến học, không nhằm mục đích lợi nhuận",https://vanban.chinhphu.vn/?classid=2629&docid=215222&pageid=27160
passage_000237,doc_000002,VBHN 103/VBHN-VPQH năm 2025 - Luật Thuế thu nhập cá nhân,"Chương II - Căn cứ tính thuế đối với cá nhân cư trú. Điều 21 - Thu nhập tính thuế. Khoản 1: Thu nhập tính thuế đối với thu nhập từ kinh doanh, tiền lương, tiền công là tổng thu nhập chịu thuế quy định tại Điều 10 và Điều 11 của Luật này, trừ các khoản đóng góp bảo hiểm xã hội, bảo hiểm y tế, bảo hiểm thất nghiệp, bảo hiểm trách nhiệm nghề nghiệp đối với một số ngành, nghề phải tham gia bảo hiểm bắt buộc, quỹ hưu trí tự nguyện, các khoản giảm trừ quy định tại Điều 19 và Điều 20 của Luật này. Chính phủ quy định mức tối đa được trừ đối với khoản đóng góp quỹ hưu trí tự nguyện quy định tại khoản này",https://vanban.chinhphu.vn/?classid=2629&docid=215222&pageid=27160
passage_000238,doc_000002,VBHN 103/VBHN-VPQH năm 2025 - Luật Thuế thu nhập cá nhân,"Chương II - Căn cứ tính thuế đối với cá nhân cư trú. Điều 21 - Thu nhập tính thuế. Khoản 2: Thu nhập tính thuế đối với thu nhập từ đầu tư vốn, chuyển nhượng vốn, chuyển nhượng bất động sản, trúng thưởng, tiền bản quyền, nhượng quyền thương mại, nhận thừa kế, quà tặng là thu nhập chịu thuế quy định tại các điều 12, 13, 14, 15, 16, 17 và 18 của Luật này. Mục 2 BIỂU THUẾ",https://vanban.chinhphu.vn/?classid=2629&docid=215222&pageid=27160
passage_000239,doc_000002,VBHN 103/VBHN-VPQH năm 2025 - Luật Thuế thu nhập cá nhân,Chương II - Căn cứ tính thuế đối với cá nhân cư trú. Điều 22 - Biểu thuế lũy tiến từng phần. Khoản 1: Biểu thuế lũy tiến từng phần áp dụng đối với thu nhập tính thuế quy định tại khoản 1 Điều 21 của Luật này,https://vanban.chinhphu.vn/?classid=2629&docid=215222&pageid=27160
passage_000240,doc_000002,VBHN 103/VBHN-VPQH năm 2025 - Luật Thuế thu nhập cá nhân,"Chương II - Căn cứ tính thuế đối với cá nhân cư trú. Điều 22 - Biểu thuế lũy tiến từng phần. Khoản 2, bậc 1: Bậc thuế 1: phần thu nhập tính thuế/năm Đến 60, phần thu nhập tính thuế/tháng Đến 5, thuế suất 5%",https://vanban.chinhphu.vn/?classid=2629&docid=215222&pageid=27160
passage_000241,doc_000002,VBHN 103/VBHN-VPQH năm 2025 - Luật Thuế thu nhập cá nhân,"Chương II - Căn cứ tính thuế đối với cá nhân cư trú. Điều 22 - Biểu thuế lũy tiến từng phần. Khoản 2, bậc 2: Bậc thuế 2: phần thu nhập tính thuế/năm Trên 60 đến 120, phần thu nhập tính thuế/tháng Trên 5 đến 10, thuế suất 10%",https://vanban.chinhphu.vn/?classid=2629&docid=215222&pageid=27160
passage_000242,doc_000002,VBHN 103/VBHN-VPQH năm 2025 - Luật Thuế thu nhập cá nhân,"Chương II - Căn cứ tính thuế đối với cá nhân cư trú. Điều 22 - Biểu thuế lũy tiến từng phần. Khoản 2, bậc 3: Bậc thuế 3: phần thu nhập tính thuế/năm Trên 120 đến 216, phần thu nhập tính thuế/tháng Trên 10 đến 18, thuế suất 15%",https://vanban.chinhphu.vn/?classid=2629&docid=215222&pageid=27160
passage_000243,doc_000002,VBHN 103/VBHN-VPQH năm 2025 - Luật Thuế thu nhập cá nhân,"Chương II - Căn cứ tính thuế đối với cá nhân cư trú. Điều 22 - Biểu thuế lũy tiến từng phần. Khoản 2, bậc 4: Bậc thuế 4: phần thu nhập tính thuế/năm Trên 216 đến 384, phần thu nhập tính thuế/tháng Trên 18 đến 32, thuế suất 20%",https://vanban.chinhphu.vn/?classid=2629&docid=215222&pageid=27160
passage_000244,doc_000002,VBHN 103/VBHN-VPQH năm 2025 - Luật Thuế thu nhập cá nhân,"Chương II - Căn cứ tính thuế đối với cá nhân cư trú. Điều 22 - Biểu thuế lũy tiến từng phần. Khoản 2, bậc 5: Bậc thuế 5: phần thu nhập tính thuế/năm Trên 384 đến 624, phần thu nhập tính thuế/tháng Trên 32 đến 52, thuế suất 25%",https://vanban.chinhphu.vn/?classid=2629&docid=215222&pageid=27160
passage_000245,doc_000002,VBHN 103/VBHN-VPQH năm 2025 - Luật Thuế thu nhập cá nhân,"Chương II - Căn cứ tính thuế đối với cá nhân cư trú. Điều 22 - Biểu thuế lũy tiến từng phần. Khoản 2, bậc 6: Bậc thuế 6: phần thu nhập tính thuế/năm Trên 624 đến 960, phần thu nhập tính thuế/tháng Trên 52 đến 80, thuế suất 30%",https://vanban.chinhphu.vn/?classid=2629&docid=215222&pageid=27160
passage_000246,doc_000002,VBHN 103/VBHN-VPQH năm 2025 - Luật Thuế thu nhập cá nhân,"Chương II - Căn cứ tính thuế đối với cá nhân cư trú. Điều 22 - Biểu thuế lũy tiến từng phần. Khoản 2, bậc 7: Bậc thuế 7: phần thu nhập tính thuế/năm Trên 960, phần thu nhập tính thuế/tháng Trên 80, thuế suất 35%",https://vanban.chinhphu.vn/?classid=2629&docid=215222&pageid=27160
passage_000247,doc_000002,VBHN 103/VBHN-VPQH năm 2025 - Luật Thuế thu nhập cá nhân,Chương II - Căn cứ tính thuế đối với cá nhân cư trú. Điều 23 - Biểu thuế toàn phần. Khoản 1: Biểu thuế toàn phần áp dụng đối với thu nhập tính thuế quy định tại khoản 2 Điều 21 của Luật này,https://vanban.chinhphu.vn/?classid=2629&docid=215222&pageid=27160
passage_000248,doc_000002,VBHN 103/VBHN-VPQH năm 2025 - Luật Thuế thu nhập cá nhân,"Chương II - Căn cứ tính thuế đối với cá nhân cư trú. Điều 23 - Biểu thuế toàn phần. Khoản 2, điểm a: Thu nhập từ đầu tư vốn: thuế suất 5%",https://vanban.chinhphu.vn/?classid=2629&docid=215222&pageid=27160
passage_000249,doc_000002,VBHN 103/VBHN-VPQH năm 2025 - Luật Thuế thu nhập cá nhân,"Chương II - Căn cứ tính thuế đối với cá nhân cư trú. Điều 23 - Biểu thuế toàn phần. Khoản 2, điểm b: Thu nhập từ bản quyền, nhượng quyền thương mại: thuế suất 5%",https://vanban.chinhphu.vn/?classid=2629&docid=215222&pageid=27160
passage_000250,doc_000002,VBHN 103/VBHN-VPQH năm 2025 - Luật Thuế thu nhập cá nhân,"Chương II - Căn cứ tính thuế đối với cá nhân cư trú. Điều 23 - Biểu thuế toàn phần. Khoản 2, điểm c: Thu nhập từ trúng thưởng: thuế suất 10%",https://vanban.chinhphu.vn/?classid=2629&docid=215222&pageid=27160
passage_000251,doc_000002,VBHN 103/VBHN-VPQH năm 2025 - Luật Thuế thu nhập cá nhân,"Chương II - Căn cứ tính thuế đối với cá nhân cư trú. Điều 23 - Biểu thuế toàn phần. Khoản 2, điểm d: Thu nhập từ thừa kế, quà tặng: thuế suất 10%",https://vanban.chinhphu.vn/?classid=2629&docid=215222&pageid=27160
passage_000252,doc_000002,VBHN 103/VBHN-VPQH năm 2025 - Luật Thuế thu nhập cá nhân,"Chương II - Căn cứ tính thuế đối với cá nhân cư trú. Điều 23 - Biểu thuế toàn phần. Khoản 2, điểm đ: Thu nhập từ chuyển nhượng vốn quy định tại khoản 1 Điều 13 của Luật này: thuế suất 20%. Thu nhập từ chuyển nhượng chứng khoán quy định tại khoản 1 Điều 13 của Luật này: thuế suất 0,1%",https://vanban.chinhphu.vn/?classid=2629&docid=215222&pageid=27160
passage_000253,doc_000002,VBHN 103/VBHN-VPQH năm 2025 - Luật Thuế thu nhập cá nhân,"Chương II - Căn cứ tính thuế đối với cá nhân cư trú. Điều 23 - Biểu thuế toàn phần. Khoản 2, điểm e: Thu nhập từ chuyển nhượng bất động sản: thuế suất 2%",https://vanban.chinhphu.vn/?classid=2629&docid=215222&pageid=27160
passage_000254,doc_000002,VBHN 103/VBHN-VPQH năm 2025 - Luật Thuế thu nhập cá nhân,"Chương II - Căn cứ tính thuế đối với cá nhân cư trú. Điều 24 - Trách nhiệm của tổ chức, cá nhân trả thu nhập, tổ chức là nhà quản lý sàn giao dịch thương mại điện tử, nhà quản lý nền tảng số có chức năng thanh toán, các tổ chức có hoạt động kinh tế số khác; trách nhiệm của đối tượng nộp thuế là cá nhân cư trú. Khoản 1, điểm a.1: Tổ chức là nhà quản lý sàn giao dịch thương mại điện tử, nhà quản lý nền tảng số có chức năng thanh toán, các tổ chức có hoạt động kinh tế số khác theo quy định của Chính phủ thực hiện khấu trừ, nộp thuế thay, kê khai số thuế đã khấu trừ đối với các giao dịch kinh doanh trên nền tảng thương mại điện tử, nền tảng số của các hộ, cá nhân",https://vanban.chinhphu.vn/?classid=2629&docid=215222&pageid=27160
passage_000255,doc_000002,VBHN 103/VBHN-VPQH năm 2025 - Luật Thuế thu nhập cá nhân,"Chương II - Căn cứ tính thuế đối với cá nhân cư trú. Điều 24 - Trách nhiệm của tổ chức, cá nhân trả thu nhập, tổ chức là nhà quản lý sàn giao dịch thương mại điện tử, nhà quản lý nền tảng số có chức năng thanh toán, các tổ chức có hoạt động kinh tế số khác; trách nhiệm của đối tượng nộp thuế là cá nhân cư trú. Khoản 1, điểm b: Cá nhân có thu nhập chịu thuế có trách nhiệm kê khai, nộp thuế vào ngân sách nhà nước và quyết toán thuế theo quy định của pháp luật",https://vanban.chinhphu.vn/?classid=2629&docid=215222&pageid=27160
passage_000256,doc_000002,VBHN 103/VBHN-VPQH năm 2025 - Luật Thuế thu nhập cá nhân,"Chương II - Căn cứ tính thuế đối với cá nhân cư trú. Điều 24 - Trách nhiệm của tổ chức, cá nhân trả thu nhập, tổ chức là nhà quản lý sàn giao dịch thương mại điện tử, nhà quản lý nền tảng số có chức năng thanh toán, các tổ chức có hoạt động kinh tế số khác; trách nhiệm của đối tượng nộp thuế là cá nhân cư trú. Khoản 2: Tổ chức, cá nhân trả thu nhập có trách nhiệm cung cấp thông tin về thu nhập và người phụ thuộc của đối tượng nộp thuế thuộc đơn vị mình quản lý theo quy định của pháp luật",https://vanban.chinhphu.vn/?classid=2629&docid=215222&pageid=27160
passage_000257,doc_000002,VBHN 103/VBHN-VPQH năm 2025 - Luật Thuế thu nhập cá nhân,"Chương II - Căn cứ tính thuế đối với cá nhân cư trú. Điều 24 - Trách nhiệm của tổ chức, cá nhân trả thu nhập, tổ chức là nhà quản lý sàn giao dịch thương mại điện tử, nhà quản lý nền tảng số có chức năng thanh toán, các tổ chức có hoạt động kinh tế số khác; trách nhiệm của đối tượng nộp thuế là cá nhân cư trú. Khoản 3: Chính phủ quy định mức khấu trừ thuế phù hợp với từng loại thu nhập quy định tại điểm a khoản 1 Điều này và việc quyết toán thuế quy định tại khoản 1 Điều này",https://vanban.chinhphu.vn/?classid=2629&docid=215222&pageid=27160
passage_000258,doc_000002,VBHN 103/VBHN-VPQH năm 2025 - Luật Thuế thu nhập cá nhân,"Chương III - Căn cứ tính thuế đối với cá nhân không cư trú. Điều 25 - Thuế đối với thu nhập từ kinh doanh. Khoản 1: Thuế đối với thu nhập từ kinh doanh của cá nhân không cư trú được xác định bằng doanh thu từ hoạt động sản xuất, kinh doanh quy định tại khoản 2 Điều này nhân với thuế suất quy định tại khoản 3 Điều này",https://vanban.chinhphu.vn/?classid=2629&docid=215222&pageid=27160
passage_000259,doc_000002,VBHN 103/VBHN-VPQH năm 2025 - Luật Thuế thu nhập cá nhân,"Chương III - Căn cứ tính thuế đối với cá nhân không cư trú. Điều 25 - Thuế đối với thu nhập từ kinh doanh. Khoản 2: Doanh thu là toàn bộ số tiền phát sinh từ việc cung ứng hàng hóa, dịch vụ bao gồm cả chi phí do bên mua hàng hóa, dịch vụ trả thay cho cá nhân không cư trú mà không được hoàn trả. Trường hợp thỏa thuận hợp đồng không bao gồm thuế thu nhập cá nhân thì doanh thu tính thuế phải quy đổi là toàn bộ số tiền mà cá nhân không cư trú nhận được dưới bất kỳ hình thức nào từ việc cung cấp hàng hóa, dịch vụ tại Việt Nam không phụ thuộc vào địa điểm tiến hành các hoạt động kinh doanh",https://vanban.chinhphu.vn/?classid=2629&docid=215222&pageid=27160
passage_000260,doc_000002,VBHN 103/VBHN-VPQH năm 2025 - Luật Thuế thu nhập cá nhân,"Chương III - Căn cứ tính thuế đối với cá nhân không cư trú. Điều 25 - Thuế đối với thu nhập từ kinh doanh. Khoản 3, điểm a: 1% đối với hoạt động kinh doanh hàng hóa",https://vanban.chinhphu.vn/?classid=2629&docid=215222&pageid=27160
passage_000261,doc_000002,VBHN 103/VBHN-VPQH năm 2025 - Luật Thuế thu nhập cá nhân,"Chương III - Căn cứ tính thuế đối với cá nhân không cư trú. Điều 25 - Thuế đối với thu nhập từ kinh doanh. Khoản 3, điểm b: 5% đối với hoạt động kinh doanh dịch vụ",https://vanban.chinhphu.vn/?classid=2629&docid=215222&pageid=27160
passage_000262,doc_000002,VBHN 103/VBHN-VPQH năm 2025 - Luật Thuế thu nhập cá nhân,"Chương III - Căn cứ tính thuế đối với cá nhân không cư trú. Điều 25 - Thuế đối với thu nhập từ kinh doanh. Khoản 3, điểm c: 2% đối với hoạt động sản xuất, xây dựng, vận tải và hoạt động kinh doanh khác",https://vanban.chinhphu.vn/?classid=2629&docid=215222&pageid=27160
passage_000263,doc_000002,VBHN 103/VBHN-VPQH năm 2025 - Luật Thuế thu nhập cá nhân,"Chương III - Căn cứ tính thuế đối với cá nhân không cư trú. Điều 26 - Thuế đối với thu nhập từ tiền lương, tiền công. Khoản 1: Thuế đối với thu nhập từ tiền lương, tiền công của cá nhân không cư trú được xác định bằng thu nhập chịu thuế từ tiền lương, tiền công quy định tại khoản 2 Điều này nhân với thuế suất 20%",https://vanban.chinhphu.vn/?classid=2629&docid=215222&pageid=27160
passage_000264,doc_000002,VBHN 103/VBHN-VPQH năm 2025 - Luật Thuế thu nhập cá nhân,"Chương III - Căn cứ tính thuế đối với cá nhân không cư trú. Điều 26 - Thuế đối với thu nhập từ tiền lương, tiền công. Khoản 2: Thu nhập chịu thuế từ tiền lương, tiền công là tổng số tiền lương, tiền công mà cá nhân không cư trú nhận được do thực hiện công việc tại Việt Nam, không phân biệt nơi trả thu nhập",https://vanban.chinhphu.vn/?classid=2629&docid=215222&pageid=27160
passage_000265,doc_000002,VBHN 103/VBHN-VPQH năm 2025 - Luật Thuế thu nhập cá nhân,"Chương III - Căn cứ tính thuế đối với cá nhân không cư trú. Điều 27 - Thuế đối với thu nhập từ đầu tư vốn: Thuế đối với thu nhập từ đầu tư vốn của cá nhân không cư trú được xác định bằng tổng số tiền mà cá nhân không cư trú nhận được từ việc đầu tư vốn vào tổ chức, cá nhân tại Việt Nam nhân với thuế suất 5%",https://vanban.chinhphu.vn/?classid=2629&docid=215222&pageid=27160
passage_000266,doc_000002,VBHN 103/VBHN-VPQH năm 2025 - Luật Thuế thu nhập cá nhân,"Chương III - Căn cứ tính thuế đối với cá nhân không cư trú. Điều 28 - Thuế đối với thu nhập từ chuyển nhượng vốn: Thuế đối với thu nhập từ chuyển nhượng vốn của cá nhân không cư trú được xác định bằng tổng số tiền mà cá nhân không cư trú nhận được từ việc chuyển nhượng phần vốn tại tổ chức, cá nhân Việt Nam nhân với thuế suất 0,1%, không phân biệt việc chuyển nhượng được thực hiện tại Việt Nam hay tại nước ngoài",https://vanban.chinhphu.vn/?classid=2629&docid=215222&pageid=27160
passage_000267,doc_000002,VBHN 103/VBHN-VPQH năm 2025 - Luật Thuế thu nhập cá nhân,Chương III - Căn cứ tính thuế đối với cá nhân không cư trú. Điều 29 - Thuế đối với thu nhập từ chuyển nhượng bất động sản: Thuế đối với thu nhập từ chuyển nhượng bất động sản tại Việt Nam của cá nhân không cư trú được xác định bằng giá chuyển nhượng bất động sản nhân với thuế suất 2%,https://vanban.chinhphu.vn/?classid=2629&docid=215222&pageid=27160
passage_000268,doc_000002,VBHN 103/VBHN-VPQH năm 2025 - Luật Thuế thu nhập cá nhân,"Chương III - Căn cứ tính thuế đối với cá nhân không cư trú. Điều 30 - Thuế đối với thu nhập từ bản quyền, nhượng quyền thương mại. Khoản 1: Thuế đối với thu nhập từ bản quyền của cá nhân không cư trú được xác định bằng phần thu nhập vượt trên 10 triệu đồng theo từng hợp đồng chuyển giao, chuyển quyền sử dụng các đối tượng quyền sở hữu trí tuệ, chuyển giao công nghệ tại Việt Nam nhân với thuế suất 5%",https://vanban.chinhphu.vn/?classid=2629&docid=215222&pageid=27160
passage_000269,doc_000002,VBHN 103/VBHN-VPQH năm 2025 - Luật Thuế thu nhập cá nhân,"Chương III - Căn cứ tính thuế đối với cá nhân không cư trú. Điều 30 - Thuế đối với thu nhập từ bản quyền, nhượng quyền thương mại. Khoản 2: Thuế đối với thu nhập từ nhượng quyền thương mại của cá nhân không cư trú được xác định bằng phần thu nhập vượt trên 10 triệu đồng theo từng hợp đồng nhượng quyền thương mại tại Việt Nam nhân với thuế suất 5%",https://vanban.chinhphu.vn/?classid=2629&docid=215222&pageid=27160
passage_000270,doc_000002,VBHN 103/VBHN-VPQH năm 2025 - Luật Thuế thu nhập cá nhân,"Chương III - Căn cứ tính thuế đối với cá nhân không cư trú. Điều 31 - Thuế đối với thu nhập từ trúng thưởng, thừa kế, quà tặng. Khoản 1: Thuế đối với thu nhập từ trúng thưởng, thừa kế, quà tặng của cá nhân không cư trú được xác định bằng thu nhập chịu thuế quy định tại khoản 2 Điều này nhân với thuế suất 10%",https://vanban.chinhphu.vn/?classid=2629&docid=215222&pageid=27160
passage_000271,doc_000002,VBHN 103/VBHN-VPQH năm 2025 - Luật Thuế thu nhập cá nhân,"Chương III - Căn cứ tính thuế đối với cá nhân không cư trú. Điều 31 - Thuế đối với thu nhập từ trúng thưởng, thừa kế, quà tặng. Khoản 2: Thu nhập chịu thuế từ trúng thưởng của cá nhân không cư trú là phần giá trị giải thưởng vượt trên 10 triệu đồng theo từng lần trúng thưởng tại Việt Nam; thu nhập từ nhận thừa kế, quà tặng là phần giá trị tài sản thừa kế, quà tặng vượt trên 10 triệu đồng theo từng lần phát sinh thu nhập mà cá nhân không cư trú nhận được tại Việt Nam",https://vanban.chinhphu.vn/?classid=2629&docid=215222&pageid=27160
passage_000272,doc_000002,VBHN 103/VBHN-VPQH năm 2025 - Luật Thuế thu nhập cá nhân,"Chương III - Căn cứ tính thuế đối với cá nhân không cư trú. Điều 32 - Thời điểm xác định thu nhập chịu thuế. Khoản 1: Thời điểm xác định thu nhập chịu thuế đối với thu nhập quy định tại Điều 25 của Luật này là thời điểm cá nhân không cư trú nhận được thu nhập hoặc thời điểm xuất hóa đơn bán hàng hóa, cung cấp dịch vụ",https://vanban.chinhphu.vn/?classid=2629&docid=215222&pageid=27160
passage_000273,doc_000002,VBHN 103/VBHN-VPQH năm 2025 - Luật Thuế thu nhập cá nhân,"Chương III - Căn cứ tính thuế đối với cá nhân không cư trú. Điều 32 - Thời điểm xác định thu nhập chịu thuế. Khoản 2: Thời điểm xác định thu nhập chịu thuế đối với thu nhập quy định tại các điều 26, 27, 30 và 31 của Luật này là thời điểm tổ chức, cá nhân ở Việt Nam trả thu nhập cho cá nhân không cư trú hoặc thời điểm cá nhân không cư trú nhận được thu nhập từ tổ chức, cá nhân ở nước ngoài",https://vanban.chinhphu.vn/?classid=2629&docid=215222&pageid=27160
passage_000274,doc_000002,VBHN 103/VBHN-VPQH năm 2025 - Luật Thuế thu nhập cá nhân,Chương III - Căn cứ tính thuế đối với cá nhân không cư trú. Điều 32 - Thời điểm xác định thu nhập chịu thuế. Khoản 3: Thời điểm xác định thu nhập chịu thuế đối với thu nhập quy định tại Điều 28 và Điều 29 của Luật này là thời điểm hợp đồng chuyển nhượng có hiệu lực,https://vanban.chinhphu.vn/?classid=2629&docid=215222&pageid=27160
passage_000275,doc_000002,VBHN 103/VBHN-VPQH năm 2025 - Luật Thuế thu nhập cá nhân,"Chương III - Căn cứ tính thuế đối với cá nhân không cư trú. Điều 33 - Trách nhiệm của tổ chức, cá nhân trả thu nhập, tổ chức là nhà quản lý sàn giao dịch thương mại điện tử, nhà quản lý nền tảng số có chức năng thanh toán, các tổ chức có hoạt động kinh tế số khác; trách nhiệm của đối tượng nộp thuế là cá nhân không cư trú. Khoản 1: Tổ chức, cá nhân trả thu nhập có trách nhiệm khấu trừ và nộp thuế vào ngân sách nhà nước theo từng lần phát sinh đối với các khoản thu nhập chịu thuế trả cho đối tượng nộp thuế",https://vanban.chinhphu.vn/?classid=2629&docid=215222&pageid=27160
passage_000276,doc_000002,VBHN 103/VBHN-VPQH năm 2025 - Luật Thuế thu nhập cá nhân,"Chương III - Căn cứ tính thuế đối với cá nhân không cư trú. Điều 33 - Trách nhiệm của tổ chức, cá nhân trả thu nhập, tổ chức là nhà quản lý sàn giao dịch thương mại điện tử, nhà quản lý nền tảng số có chức năng thanh toán, các tổ chức có hoạt động kinh tế số khác; trách nhiệm của đối tượng nộp thuế là cá nhân không cư trú. Khoản 2: Tổ chức là nhà quản lý sàn giao dịch thương mại điện tử, nhà quản lý nền tảng số có chức năng thanh toán, các tổ chức có hoạt động kinh tế số khác theo quy định của Chính phủ thực hiện khấu trừ, nộp thuế thay, kê khai số thuế đã khấu trừ đối với các giao dịch kinh doanh trên nền tảng thương mại điện tử, nền tảng số của các hộ, cá nhân",https://vanban.chinhphu.vn/?classid=2629&docid=215222&pageid=27160
passage_000277,doc_000002,VBHN 103/VBHN-VPQH năm 2025 - Luật Thuế thu nhập cá nhân,"Chương III - Căn cứ tính thuế đối với cá nhân không cư trú. Điều 33 - Trách nhiệm của tổ chức, cá nhân trả thu nhập, tổ chức là nhà quản lý sàn giao dịch thương mại điện tử, nhà quản lý nền tảng số có chức năng thanh toán, các tổ chức có hoạt động kinh tế số khác; trách nhiệm của đối tượng nộp thuế là cá nhân không cư trú. Khoản 3: Đối tượng nộp thuế là cá nhân không cư trú có trách nhiệm kê khai, nộp thuế đối với thu nhập chịu thuế theo quy định của pháp luật về quản lý thuế",https://vanban.chinhphu.vn/?classid=2629&docid=215222&pageid=27160
passage_000278,doc_000002,VBHN 103/VBHN-VPQH năm 2025 - Luật Thuế thu nhập cá nhân,Chương IV - Điều khoản thi hành. Điều 34 - Hiệu lực thi hành. Khoản 1: Luật này có hiệu lực thi hành từ ngày 01 tháng 01 năm 2009,https://vanban.chinhphu.vn/?classid=2629&docid=215222&pageid=27160
passage_000279,doc_000002,VBHN 103/VBHN-VPQH năm 2025 - Luật Thuế thu nhập cá nhân,"Chương IV - Điều khoản thi hành. Điều 34 - Hiệu lực thi hành. Khoản 2, điểm a: Pháp lệnh Thuế thu nhập đối với người có thu nhập cao số 35/2001/PL-UBTVQH10 đã được sửa đổi, bổ sung một số điều theo Pháp lệnh số 14/2004/PL-UBTVQH11",https://vanban.chinhphu.vn/?classid=2629&docid=215222&pageid=27160
passage_000280,doc_000002,VBHN 103/VBHN-VPQH năm 2025 - Luật Thuế thu nhập cá nhân,"Chương IV - Điều khoản thi hành. Điều 34 - Hiệu lực thi hành. Khoản 2, điểm b: Luật Thuế chuyển quyền sử dụng đất ban hành ngày 22 tháng 6 năm 1994 đã được sửa đổi, bổ sung một số điều theo Luật số 17/1999/QH10",https://vanban.chinhphu.vn/?classid=2629&docid=215222&pageid=27160
passage_000281,doc_000002,VBHN 103/VBHN-VPQH năm 2025 - Luật Thuế thu nhập cá nhân,"Chương IV - Điều khoản thi hành. Điều 34 - Hiệu lực thi hành. Khoản 2, điểm c: Quy định về thuế thu nhập doanh nghiệp đối với cá nhân sản xuất, kinh doanh không bao gồm doanh nghiệp tư nhân theo quy định của Luật Thuế thu nhập doanh nghiệp số 09/2003/QH11",https://vanban.chinhphu.vn/?classid=2629&docid=215222&pageid=27160
passage_000282,doc_000002,VBHN 103/VBHN-VPQH năm 2025 - Luật Thuế thu nhập cá nhân,"Chương IV - Điều khoản thi hành. Điều 34 - Hiệu lực thi hành. Khoản 2, điểm d: Các quy định khác về thuế đối với thu nhập của cá nhân trái với quy định của Luật này",https://vanban.chinhphu.vn/?classid=2629&docid=215222&pageid=27160
passage_000283,doc_000002,VBHN 103/VBHN-VPQH năm 2025 - Luật Thuế thu nhập cá nhân,Chương IV - Điều khoản thi hành. Điều 34 - Hiệu lực thi hành. Khoản 3: Những khoản thu nhập của cá nhân được ưu đãi về thuế quy định tại các văn bản quy phạm pháp luật trước ngày Luật này có hiệu lực thi hành thì tiếp tục được hưởng ưu đãi,https://vanban.chinhphu.vn/?classid=2629&docid=215222&pageid=27160
passage_000284,doc_000003,Luật 48/2010/QH12 - Thuế sử dụng đất phi nông nghiệp,"Chương I - Những quy định chung. Điều 1 - Phạm vi điều chỉnh: Luật này quy định về đối tượng chịu thuế, đối tượng không chịu thuế; người nộp thuế; căn cứ tính thuế; đăng ký, khai, tính và nộp thuế; miễn, giảm thuế sử dụng đất phi nông nghiệp",https://chinhphu.vn/default.aspx?docid=96038&pageid=27160
passage_000285,doc_000003,Luật 48/2010/QH12 - Thuế sử dụng đất phi nông nghiệp,"Chương I - Những quy định chung. Điều 2 - Đối tượng chịu thuế. Khoản 1: Đất ở tại nông thôn, đất ở tại đô thị",https://chinhphu.vn/default.aspx?docid=96038&pageid=27160
passage_000286,doc_000003,Luật 48/2010/QH12 - Thuế sử dụng đất phi nông nghiệp,"Chương I - Những quy định chung. Điều 2 - Đối tượng chịu thuế. Khoản 2: Đất sản xuất, kinh doanh phi nông nghiệp bao gồm: đất xây dựng khu công nghiệp; đất làm mặt bằng xây dựng cơ sở sản xuất, kinh doanh; đất khai thác, chế biến khoáng sản; đất sản xuất vật liệu xây dựng, làm đồ gốm",https://chinhphu.vn/default.aspx?docid=96038&pageid=27160
passage_000287,doc_000003,Luật 48/2010/QH12 - Thuế sử dụng đất phi nông nghiệp,Chương I - Những quy định chung. Điều 2 - Đối tượng chịu thuế. Khoản 3: Đất phi nông nghiệp quy định tại Điều 3 của Luật này sử dụng vào mục đích kinh doanh,https://chinhphu.vn/default.aspx?docid=96038&pageid=27160
passage_000288,doc_000003,Luật 48/2010/QH12 - Thuế sử dụng đất phi nông nghiệp,"Chương I - Những quy định chung. Điều 3 - Đối tượng không chịu thuế. Khoản 1: Đất sử dụng vào mục đích công cộng bao gồm: đất giao thông, thuỷ lợi; đất xây dựng công trình văn hoá, y tế, giáo dục và đào tạo, thể dục thể thao phục vụ lợi ích công cộng; đất có di tích lịch sử - văn hoá, danh lam thắng cảnh; đất xây dựng công trình công cộng khác theo quy định của Chính phủ",https://chinhphu.vn/default.aspx?docid=96038&pageid=27160
passage_000289,doc_000003,Luật 48/2010/QH12 - Thuế sử dụng đất phi nông nghiệp,Chương I - Những quy định chung. Điều 3 - Đối tượng không chịu thuế. Khoản 2: Đất do cơ sở tôn giáo sử dụng,https://chinhphu.vn/default.aspx?docid=96038&pageid=27160
passage_000290,doc_000003,Luật 48/2010/QH12 - Thuế sử dụng đất phi nông nghiệp,"Chương I - Những quy định chung. Điều 3 - Đối tượng không chịu thuế. Khoản 3: Đất làm nghĩa trang, nghĩa địa",https://chinhphu.vn/default.aspx?docid=96038&pageid=27160
passage_000291,doc_000003,Luật 48/2010/QH12 - Thuế sử dụng đất phi nông nghiệp,"Chương I - Những quy định chung. Điều 3 - Đối tượng không chịu thuế. Khoản 4: Đất sông, ngòi, kênh, rạch, suối và mặt nước chuyên dùng",https://chinhphu.vn/default.aspx?docid=96038&pageid=27160
passage_000292,doc_000003,Luật 48/2010/QH12 - Thuế sử dụng đất phi nông nghiệp,"Chương I - Những quy định chung. Điều 3 - Đối tượng không chịu thuế. Khoản 5: Đất có công trình là đình, đền, miếu, am, từ đường, nhà thờ họ",https://chinhphu.vn/default.aspx?docid=96038&pageid=27160
passage_000293,doc_000003,Luật 48/2010/QH12 - Thuế sử dụng đất phi nông nghiệp,"Chương I - Những quy định chung. Điều 3 - Đối tượng không chịu thuế. Khoản 6: Đất xây dựng trụ sở cơ quan, xây dựng công trình sự nghiệp, đất sử dụng vào mục đích quốc phòng, an ninh",https://chinhphu.vn/default.aspx?docid=96038&pageid=27160
passage_000294,doc_000003,Luật 48/2010/QH12 - Thuế sử dụng đất phi nông nghiệp,Chương I - Những quy định chung. Điều 3 - Đối tượng không chịu thuế. Khoản 7: Đất phi nông nghiệp khác theo quy định của pháp luật,https://chinhphu.vn/default.aspx?docid=96038&pageid=27160
passage_000295,doc_000003,Luật 48/2010/QH12 - Thuế sử dụng đất phi nông nghiệp,"Chương I - Những quy định chung. Điều 4 - Người nộp thuế. Khoản 1: Người nộp thuế là tổ chức, hộ gia đình, cá nhân có quyền sử dụng đất thuộc đối tượng chịu thuế quy định tại Điều 2 của Luật này",https://chinhphu.vn/default.aspx?docid=96038&pageid=27160
passage_000296,doc_000003,Luật 48/2010/QH12 - Thuế sử dụng đất phi nông nghiệp,"Chương I - Những quy định chung. Điều 4 - Người nộp thuế. Khoản 2: Trường hợp tổ chức, hộ gia đình, cá nhân chưa được cấp Giấy chứng nhận quyền sử dụng đất, quyền sở hữu nhà ở và tài sản khác gắn liền với đất (sau đây gọi chung là Giấy chứng nhận) thì người đang sử dụng đất là người nộp thuế",https://chinhphu.vn/default.aspx?docid=96038&pageid=27160
passage_000297,doc_000003,Luật 48/2010/QH12 - Thuế sử dụng đất phi nông nghiệp,"Chương I - Những quy định chung. Điều 4 - Người nộp thuế. Khoản 3, điểm a: Trường hợp được Nhà nước cho thuê đất để thực hiện dự án đầu tư thì người thuê đất là người nộp thuế",https://chinhphu.vn/default.aspx?docid=96038&pageid=27160
passage_000298,doc_000003,Luật 48/2010/QH12 - Thuế sử dụng đất phi nông nghiệp,"Chương I - Những quy định chung. Điều 4 - Người nộp thuế. Khoản 3, điểm b: Trường hợp người có quyền sử dụng đất cho thuê đất theo hợp đồng thì người nộp thuế được xác định theo thỏa thuận trong hợp đồng. Trường hợp trong hợp đồng không có thoả thuận về người nộp thuế thì người có quyền sử dụng đất là người nộp thuế",https://chinhphu.vn/default.aspx?docid=96038&pageid=27160
passage_000299,doc_000003,Luật 48/2010/QH12 - Thuế sử dụng đất phi nông nghiệp,"Chương I - Những quy định chung. Điều 4 - Người nộp thuế. Khoản 3, điểm c: Trường hợp đất đã được cấp Giấy chứng nhận nhưng đang có tranh chấp thì trước khi tranh chấp được giải quyết, người đang sử dụng đất là người nộp thuế. Việc nộp thuế không phải là căn cứ để giải quyết tranh chấp về quyền sử dụng đất",https://chinhphu.vn/default.aspx?docid=96038&pageid=27160
passage_000300,doc_000003,Luật 48/2010/QH12 - Thuế sử dụng đất phi nông nghiệp,"Chương I - Những quy định chung. Điều 4 - Người nộp thuế. Khoản 3, điểm d: Trường hợp nhiều người cùng có quyền sử dụng một thửa đất thì người nộp thuế là người đại diện hợp pháp của những người cùng có quyền sử dụng thửa đất đó",https://chinhphu.vn/default.aspx?docid=96038&pageid=27160
passage_000301,doc_000003,Luật 48/2010/QH12 - Thuế sử dụng đất phi nông nghiệp,"Chương I - Những quy định chung. Điều 4 - Người nộp thuế. Khoản 3, điểm đ: Trường hợp người có quyền sử dụng đất góp vốn kinh doanh bằng quyền sử dụng đất mà hình thành pháp nhân mới có quyền sử dụng đất thuộc đối tượng chịu thuế quy định tại Điều 2 của Luật này thì pháp nhân mới là người nộp thuế",https://chinhphu.vn/default.aspx?docid=96038&pageid=27160
passage_000302,doc_000003,Luật 48/2010/QH12 - Thuế sử dụng đất phi nông nghiệp,"Chương II - Căn cứ tính thuế, đăng ký, khai, tính và nộp thuế. Điều 5 - Căn cứ tính thuế: Căn cứ tính thuế là giá tính thuế và thuế suất",https://chinhphu.vn/default.aspx?docid=96038&pageid=27160
passage_000303,doc_000003,Luật 48/2010/QH12 - Thuế sử dụng đất phi nông nghiệp,"Chương II - Căn cứ tính thuế, đăng ký, khai, tính và nộp thuế. Điều 6 - Giá tính thuế. Khoản 1: Giá tính thuế đối với đất được xác định bằng diện tích đất tính thuế nhân với giá của 1m2 đất",https://chinhphu.vn/default.aspx?docid=96038&pageid=27160
passage_000304,doc_000003,Luật 48/2010/QH12 - Thuế sử dụng đất phi nông nghiệp,"Chương II - Căn cứ tính thuế, đăng ký, khai, tính và nộp thuế. Điều 6 - Giá tính thuế. Khoản 2, điểm a: Diện tích đất tính thuế là diện tích đất thực tế sử dụng. Trường hợp có quyền sử dụng nhiều thửa đất ở thì diện tích đất tính thuế là tổng diện tích các thửa đất tính thuế. Trường hợp được Nhà nước giao đất, cho thuê đất để xây dựng khu công nghiệp thì diện tích đất tính thuế không bao gồm diện tích đất xây dựng kết cấu hạ tầng sử dụng chung",https://chinhphu.vn/default.aspx?docid=96038&pageid=27160
passage_000305,doc_000003,Luật 48/2010/QH12 - Thuế sử dụng đất phi nông nghiệp,"Chương II - Căn cứ tính thuế, đăng ký, khai, tính và nộp thuế. Điều 6 - Giá tính thuế. Khoản 2, điểm b: Đối với đất ở nhà nhiều tầng nhiều hộ ở, nhà chung cư bao gồm cả trường hợp vừa để ở, vừa để kinh doanh thì diện tích đất tính thuế được xác định bằng hệ số phân bổ nhân với diện tích nhà của từng tổ chức, hộ gia đình, cá nhân sử dụng. Hệ số phân bổ được xác định bằng diện tích đất xây dựng nhà nhiều tầng nhiều hộ ở, nhà chung cư chia cho tổng diện tích nhà của các tổ chức, hộ gia đình, cá nhân sử dụng. Trường hợp nhà nhiều tầng nhiều hộ ở, nhà chung cư có tầng hầm thì 50% diện tích tầng hầm của các tổ chức, hộ gia đình, cá nhân sử dụng trong tầng hầm được cộng vào tổng diện tích nhà của các tổ chức, hộ gia đình, cá nhân sử dụng để tính hệ số phân bổ",https://chinhphu.vn/default.aspx?docid=96038&pageid=27160
passage_000306,doc_000003,Luật 48/2010/QH12 - Thuế sử dụng đất phi nông nghiệp,"Chương II - Căn cứ tính thuế, đăng ký, khai, tính và nộp thuế. Điều 6 - Giá tính thuế. Khoản 2, điểm c: Đối với công trình xây dựng dưới mặt đất thì áp dụng hệ số phân bổ bằng 0,5 diện tích đất xây dựng chia cho tổng diện tích công trình của các tổ chức, hộ gia đình, cá nhân sử dụng",https://chinhphu.vn/default.aspx?docid=96038&pageid=27160
passage_000307,doc_000003,Luật 48/2010/QH12 - Thuế sử dụng đất phi nông nghiệp,"Chương II - Căn cứ tính thuế, đăng ký, khai, tính và nộp thuế. Điều 6 - Giá tính thuế. Khoản 3: Giá của 1m2 đất là giá đất theo mục đích sử dụng do Uỷ ban nhân dân tỉnh, thành phố trực thuộc trung ương quy định và được ổn định theo chu kỳ 5 năm, kể từ ngày Luật này có hiệu lực thi hành",https://chinhphu.vn/default.aspx?docid=96038&pageid=27160
passage_000308,doc_000003,Luật 48/2010/QH12 - Thuế sử dụng đất phi nông nghiệp,"Chương II - Căn cứ tính thuế, đăng ký, khai, tính và nộp thuế. Điều 7 - Thuế suất. Khoản 1, bậc 1: Bậc thuế 1: diện tích đất tính thuế Diện tích trong hạn mức, thuế suất 0,03%",https://chinhphu.vn/default.aspx?docid=96038&pageid=27160
passage_000309,doc_000003,Luật 48/2010/QH12 - Thuế sử dụng đất phi nông nghiệp,"Chương II - Căn cứ tính thuế, đăng ký, khai, tính và nộp thuế. Điều 7 - Thuế suất. Khoản 1, bậc 2: Bậc thuế 2: diện tích đất tính thuế Phần diện tích vượt không quá 3 lần hạn mức, thuế suất 0,07%",https://chinhphu.vn/default.aspx?docid=96038&pageid=27160
passage_000310,doc_000003,Luật 48/2010/QH12 - Thuế sử dụng đất phi nông nghiệp,"Chương II - Căn cứ tính thuế, đăng ký, khai, tính và nộp thuế. Điều 7 - Thuế suất. Khoản 1, bậc 3: Bậc thuế 3: diện tích đất tính thuế Phần diện tích vượt trên 3 lần hạn mức, thuế suất 0,15%",https://chinhphu.vn/default.aspx?docid=96038&pageid=27160
passage_000311,doc_000003,Luật 48/2010/QH12 - Thuế sử dụng đất phi nông nghiệp,"Chương II - Căn cứ tính thuế, đăng ký, khai, tính và nộp thuế. Điều 7 - Thuế suất. Khoản 2, điểm a: Trường hợp hạn mức đất ở theo quy định trước ngày Luật này có hiệu lực thi hành thấp hơn hạn mức giao đất ở mới thì áp dụng hạn mức giao đất ở mới để làm căn cứ tính thuế",https://chinhphu.vn/default.aspx?docid=96038&pageid=27160
passage_000312,doc_000003,Luật 48/2010/QH12 - Thuế sử dụng đất phi nông nghiệp,"Chương II - Căn cứ tính thuế, đăng ký, khai, tính và nộp thuế. Điều 7 - Thuế suất. Khoản 2, điểm b: Trường hợp hạn mức đất ở theo quy định trước ngày Luật này có hiệu lực thi hành cao hơn hạn mức giao đất ở mới thì áp dụng hạn mức đất ở cũ để làm căn cứ tính thuế",https://chinhphu.vn/default.aspx?docid=96038&pageid=27160
passage_000313,doc_000003,Luật 48/2010/QH12 - Thuế sử dụng đất phi nông nghiệp,"Chương II - Căn cứ tính thuế, đăng ký, khai, tính và nộp thuế. Điều 7 - Thuế suất. Khoản 3: Đất ở nhà nhiều tầng nhiều hộ ở, nhà chung cư, công trình xây dựng dưới mặt đất áp dụng mức thuế suất 0,03%",https://chinhphu.vn/default.aspx?docid=96038&pageid=27160
passage_000314,doc_000003,Luật 48/2010/QH12 - Thuế sử dụng đất phi nông nghiệp,"Chương II - Căn cứ tính thuế, đăng ký, khai, tính và nộp thuế. Điều 7 - Thuế suất. Khoản 4: Đất sản xuất, kinh doanh phi nông nghiệp áp dụng mức thuế suất 0,03%",https://chinhphu.vn/default.aspx?docid=96038&pageid=27160
passage_000315,doc_000003,Luật 48/2010/QH12 - Thuế sử dụng đất phi nông nghiệp,"Chương II - Căn cứ tính thuế, đăng ký, khai, tính và nộp thuế. Điều 7 - Thuế suất. Khoản 5: Đất phi nông nghiệp quy định tại Điều 3 của Luật này sử dụng vào mục đích kinh doanh áp dụng mức thuế suất 0,03%",https://chinhphu.vn/default.aspx?docid=96038&pageid=27160
passage_000316,doc_000003,Luật 48/2010/QH12 - Thuế sử dụng đất phi nông nghiệp,"Chương II - Căn cứ tính thuế, đăng ký, khai, tính và nộp thuế. Điều 7 - Thuế suất. Khoản 6: Đất sử dụng không đúng mục đích, đất chưa sử dụng theo đúng quy định áp dụng mức thuế suất 0,15%. Trường hợp đất của dự án đầu tư phân kỳ theo đăng ký của nhà đầu tư được cơ quan nhà nước có thẩm quyền phê duyệt thì không coi là đất chưa sử dụng và áp dụng mức thuế suất 0,03%",https://chinhphu.vn/default.aspx?docid=96038&pageid=27160
passage_000317,doc_000003,Luật 48/2010/QH12 - Thuế sử dụng đất phi nông nghiệp,"Chương II - Căn cứ tính thuế, đăng ký, khai, tính và nộp thuế. Điều 7 - Thuế suất. Khoản 7: Đất lấn, chiếm áp dụng mức thuế suất 0,2% và không áp dụng hạn mức. Việc nộp thuế không phải là căn cứ để công nhận quyền sử dụng đất hợp pháp của người nộp thuế đối với diện tích đất lấn, chiếm",https://chinhphu.vn/default.aspx?docid=96038&pageid=27160
passage_000318,doc_000003,Luật 48/2010/QH12 - Thuế sử dụng đất phi nông nghiệp,"Chương II - Căn cứ tính thuế, đăng ký, khai, tính và nộp thuế. Điều 8 - Đăng ký, khai, tính và nộp thuế. Khoản 1: Người nộp thuế đăng ký, khai, tính và nộp thuế theo quy định của pháp luật về quản lý thuế",https://chinhphu.vn/default.aspx?docid=96038&pageid=27160
passage_000319,doc_000003,Luật 48/2010/QH12 - Thuế sử dụng đất phi nông nghiệp,"Chương II - Căn cứ tính thuế, đăng ký, khai, tính và nộp thuế. Điều 8 - Đăng ký, khai, tính và nộp thuế. Khoản 2: Người nộp thuế đăng ký, khai, tính và nộp thuế tại cơ quan thuế huyện, quận, thị xã, thành phố thuộc tỉnh nơi có quyền sử dụng đất. Trường hợp ở vùng sâu, vùng xa, điều kiện đi lại khó khăn, người nộp thuế có thể thực hiện việc đăng ký, khai, tính và nộp thuế tại Uỷ ban nhân dân xã. Cơ quan thuế tạo điều kiện để người nộp thuế thực hiện nghĩa vụ của mình",https://chinhphu.vn/default.aspx?docid=96038&pageid=27160
passage_000320,doc_000003,Luật 48/2010/QH12 - Thuế sử dụng đất phi nông nghiệp,"Chương II - Căn cứ tính thuế, đăng ký, khai, tính và nộp thuế. Điều 8 - Đăng ký, khai, tính và nộp thuế. Khoản 3, điểm a: Người nộp thuế đăng ký, khai, tính và nộp thuế tại cơ quan thuế huyện, quận, thị xã, thành phố thuộc tỉnh nơi có quyền sử dụng đất",https://chinhphu.vn/default.aspx?docid=96038&pageid=27160
passage_000321,doc_000003,Luật 48/2010/QH12 - Thuế sử dụng đất phi nông nghiệp,"Chương II - Căn cứ tính thuế, đăng ký, khai, tính và nộp thuế. Điều 8 - Đăng ký, khai, tính và nộp thuế. Khoản 3, điểm b: Người nộp thuế được lựa chọn hạn mức đất ở tại một huyện, quận, thị xã, thành phố thuộc tỉnh nơi có quyền sử dụng đất. Trường hợp có một hoặc nhiều thửa đất ở vượt hạn mức thì người nộp thuế được lựa chọn một nơi có thửa đất ở vượt hạn mức để xác định diện tích vượt hạn mức của các thửa đất. Giá tính thuế được áp dụng theo giá đất của từng huyện, quận, thị xã, thành phố thuộc tỉnh tại nơi có thửa đất. Người nộp thuế lập tờ khai tổng hợp theo mẫu quy định để xác định tổng diện tích các thửa đất ở có quyền sử dụng và số thuế đã nộp, gửi cơ quan thuế nơi người nộp thuế đã lựa chọn để xác định hạn mức đất ở để nộp phần chênh lệch giữa số thuế phải nộp theo quy định của Luật này và số thuế đã nộp",https://chinhphu.vn/default.aspx?docid=96038&pageid=27160
passage_000322,doc_000003,Luật 48/2010/QH12 - Thuế sử dụng đất phi nông nghiệp,"Chương III - Miễn thuế, giảm thuế. Điều 9 - Miễn thuế. Khoản 1: Đất của dự án đầu tư thuộc lĩnh vực đặc biệt khuyến khích đầu tư; dự án đầu tư tại địa bàn có điều kiện kinh tế - xã hội đặc biệt khó khăn; dự án đầu tư thuộc lĩnh vực khuyến khích đầu tư tại địa bàn có điều kiện kinh tế - xã hội khó khăn; đất của doanh nghiệp sử dụng trên 50% số lao động là thương binh, bệnh binh",https://chinhphu.vn/default.aspx?docid=96038&pageid=27160
passage_000323,doc_000003,Luật 48/2010/QH12 - Thuế sử dụng đất phi nông nghiệp,"Chương III - Miễn thuế, giảm thuế. Điều 9 - Miễn thuế. Khoản 2: Đất của cơ sở thực hiện xã hội hoá đối với các hoạt động trong lĩnh vực giáo dục, dạy nghề, y tế, văn hoá, thể thao, môi trường",https://chinhphu.vn/default.aspx?docid=96038&pageid=27160
passage_000324,doc_000003,Luật 48/2010/QH12 - Thuế sử dụng đất phi nông nghiệp,"Chương III - Miễn thuế, giảm thuế. Điều 9 - Miễn thuế. Khoản 3: Đất xây dựng nhà tình nghĩa, nhà đại đoàn kết, cơ sở nuôi dưỡng người già cô đơn, người khuyết tật, trẻ mồ côi; cơ sở chữa bệnh xã hội",https://chinhphu.vn/default.aspx?docid=96038&pageid=27160
passage_000325,doc_000003,Luật 48/2010/QH12 - Thuế sử dụng đất phi nông nghiệp,"Chương III - Miễn thuế, giảm thuế. Điều 9 - Miễn thuế. Khoản 4: Đất ở trong hạn mức tại địa bàn có điều kiện kinh tế - xã hội đặc biệt khó khăn",https://chinhphu.vn/default.aspx?docid=96038&pageid=27160
passage_000326,doc_000003,Luật 48/2010/QH12 - Thuế sử dụng đất phi nông nghiệp,"Chương III - Miễn thuế, giảm thuế. Điều 9 - Miễn thuế. Khoản 5: Đất ở trong hạn mức của người hoạt động cách mạng trước ngày 19/8/1945; thương binh hạng 1/4, 2/4; người hưởng chính sách như thương binh hạng 1/4, 2/4; bệnh binh hạng 1/3; anh hùng lực lượng vũ trang nhân dân; mẹ Việt Nam anh hùng; cha đẻ, mẹ đẻ, người có công nuôi dưỡng liệt sỹ khi còn nhỏ; vợ, chồng của liệt sỹ; con của liệt sỹ được hưởng trợ cấp hàng tháng; người hoạt động cách mạng bị nhiễm chất độc da cam; người bị nhiễm chất độc da cam mà hoàn cảnh gia đình khó khăn",https://chinhphu.vn/default.aspx?docid=96038&pageid=27160
passage_000327,doc_000003,Luật 48/2010/QH12 - Thuế sử dụng đất phi nông nghiệp,"Chương III - Miễn thuế, giảm thuế. Điều 9 - Miễn thuế. Khoản 6: Đất ở trong hạn mức của hộ nghèo theo quy định của Chính phủ",https://chinhphu.vn/default.aspx?docid=96038&pageid=27160
passage_000328,doc_000003,Luật 48/2010/QH12 - Thuế sử dụng đất phi nông nghiệp,"Chương III - Miễn thuế, giảm thuế. Điều 9 - Miễn thuế. Khoản 7: Hộ gia đình, cá nhân trong năm bị thu hồi đất ở theo quy hoạch, kế hoạch được cơ quan nhà nước có thẩm quyền phê duyệt thì được miễn thuế trong năm thực tế có thu hồi đối với đất tại nơi bị thu hồi và đất tại nơi ở mới",https://chinhphu.vn/default.aspx?docid=96038&pageid=27160
passage_000329,doc_000003,Luật 48/2010/QH12 - Thuế sử dụng đất phi nông nghiệp,"Chương III - Miễn thuế, giảm thuế. Điều 9 - Miễn thuế. Khoản 8: Đất có nhà vườn được cơ quan nhà nước có thẩm quyền xác nhận là di tích lịch sử - văn hoá",https://chinhphu.vn/default.aspx?docid=96038&pageid=27160
passage_000330,doc_000003,Luật 48/2010/QH12 - Thuế sử dụng đất phi nông nghiệp,"Chương III - Miễn thuế, giảm thuế. Điều 9 - Miễn thuế. Khoản 9: Người nộp thuế gặp khó khăn do sự kiện bất khả kháng nếu giá trị thiệt hại về đất và nhà trên đất trên 50% giá tính thuế",https://chinhphu.vn/default.aspx?docid=96038&pageid=27160
passage_000331,doc_000003,Luật 48/2010/QH12 - Thuế sử dụng đất phi nông nghiệp,"Chương III - Miễn thuế, giảm thuế. Điều 10 - Giảm thuế. Khoản 1: Đất của dự án đầu tư thuộc lĩnh vực khuyến khích đầu tư; dự án đầu tư tại địa bàn có điều kiện kinh tế - xã hội khó khăn; đất của doanh nghiệp sử dụng từ 20% đến 50% số lao động là thương binh, bệnh binh",https://chinhphu.vn/default.aspx?docid=96038&pageid=27160
passage_000332,doc_000003,Luật 48/2010/QH12 - Thuế sử dụng đất phi nông nghiệp,"Chương III - Miễn thuế, giảm thuế. Điều 10 - Giảm thuế. Khoản 2: Đất ở trong hạn mức tại địa bàn có điều kiện kinh tế - xã hội khó khăn",https://chinhphu.vn/default.aspx?docid=96038&pageid=27160
passage_000333,doc_000003,Luật 48/2010/QH12 - Thuế sử dụng đất phi nông nghiệp,"Chương III - Miễn thuế, giảm thuế. Điều 10 - Giảm thuế. Khoản 3: Đất ở trong hạn mức của thương binh hạng 3/4, 4/4; người hưởng chính sách như thương binh hạng 3/4, 4/4; bệnh binh hạng 2/3, 3/3; con của liệt sỹ không được hưởng trợ cấp hàng tháng",https://chinhphu.vn/default.aspx?docid=96038&pageid=27160
passage_000334,doc_000003,Luật 48/2010/QH12 - Thuế sử dụng đất phi nông nghiệp,"Chương III - Miễn thuế, giảm thuế. Điều 10 - Giảm thuế. Khoản 4: Người nộp thuế gặp khó khăn do sự kiện bất khả kháng nếu giá trị thiệt hại về đất và nhà trên đất từ 20% đến 50% giá tính thuế",https://chinhphu.vn/default.aspx?docid=96038&pageid=27160
passage_000335,doc_000003,Luật 48/2010/QH12 - Thuế sử dụng đất phi nông nghiệp,"Chương III - Miễn thuế, giảm thuế. Điều 11 - Nguyên tắc miễn thuế, giảm thuế. Khoản 1: Người nộp thuế được hưởng cả miễn thuế và giảm thuế đối với cùng một thửa đất thì được miễn thuế; người nộp thuế thuộc hai trường hợp được giảm thuế trở lên quy định tại Điều 10 của Luật này thì được miễn thuế",https://chinhphu.vn/default.aspx?docid=96038&pageid=27160
passage_000336,doc_000003,Luật 48/2010/QH12 - Thuế sử dụng đất phi nông nghiệp,"Chương III - Miễn thuế, giảm thuế. Điều 11 - Nguyên tắc miễn thuế, giảm thuế. Khoản 2: Người nộp thuế đất ở chỉ được miễn thuế hoặc giảm thuế tại một nơi do người nộp thuế lựa chọn, trừ trường hợp quy định tại khoản 9 Điều 9 và khoản 4 Điều 10 của Luật này",https://chinhphu.vn/default.aspx?docid=96038&pageid=27160
passage_000337,doc_000003,Luật 48/2010/QH12 - Thuế sử dụng đất phi nông nghiệp,"Chương III - Miễn thuế, giảm thuế. Điều 11 - Nguyên tắc miễn thuế, giảm thuế. Khoản 3: Người nộp thuế có nhiều dự án đầu tư được miễn thuế, giảm thuế thì thực hiện miễn, giảm theo từng dự án đầu tư",https://chinhphu.vn/default.aspx?docid=96038&pageid=27160
passage_000338,doc_000003,Luật 48/2010/QH12 - Thuế sử dụng đất phi nông nghiệp,"Chương III - Miễn thuế, giảm thuế. Điều 11 - Nguyên tắc miễn thuế, giảm thuế. Khoản 4: Miễn thuế, giảm thuế chỉ áp dụng trực tiếp đối với người nộp thuế và chỉ tính trên số tiền thuế phải nộp theo quy định của Luật này",https://chinhphu.vn/default.aspx?docid=96038&pageid=27160
passage_000339,doc_000003,Luật 48/2010/QH12 - Thuế sử dụng đất phi nông nghiệp,Chương IV - Điều khoản thi hành. Điều 12 - Hiệu lực thi hành. Khoản 1: Luật này có hiệu lực thi hành từ ngày 01 tháng 01 năm 2012,https://chinhphu.vn/default.aspx?docid=96038&pageid=27160
passage_000340,doc_000003,Luật 48/2010/QH12 - Thuế sử dụng đất phi nông nghiệp,"Chương IV - Điều khoản thi hành. Điều 12 - Hiệu lực thi hành. Khoản 2, điểm a: Pháp lệnh thuế nhà, đất năm 1992",https://chinhphu.vn/default.aspx?docid=96038&pageid=27160
passage_000341,doc_000003,Luật 48/2010/QH12 - Thuế sử dụng đất phi nông nghiệp,"Chương IV - Điều khoản thi hành. Điều 12 - Hiệu lực thi hành. Khoản 2, điểm b: Pháp lệnh sửa đổi, bổ sung một số điều của Pháp lệnh thuế nhà, đất năm 1994",https://chinhphu.vn/default.aspx?docid=96038&pageid=27160
passage_000342,doc_000004,Luật Thuế tiêu thụ đặc biệt 66/2025/QH15,"Chương I - Những quy định chung. Điều 1 - Phạm vi điều chỉnh: Luật này quy định về đối tượng chịu thuế, đối tượng không chịu thuế, người nộp thuế, căn cứ tính thuế, hoàn thuế, khấu trừ thuế và giảm thuế tiêu thụ đặc biệt.",https://vanban.chinhphu.vn/?classid=1&docid=214598&pageid=27160&typegroupid=3
passage_000343,doc_000004,Luật Thuế tiêu thụ đặc biệt 66/2025/QH15,"Chương I - Những quy định chung. Điều 2 - Đối tượng chịu thuế. Khoản 1, điểm a: Thuốc lá theo quy định của Luật Phòng, chống tác hại của thuốc lá",https://vanban.chinhphu.vn/?classid=1&docid=214598&pageid=27160&typegroupid=3
passage_000344,doc_000004,Luật Thuế tiêu thụ đặc biệt 66/2025/QH15,"Chương I - Những quy định chung. Điều 2 - Đối tượng chịu thuế. Khoản 1, điểm b: Rượu theo quy định của Luật Phòng, chống tác hại của rượu, bia",https://vanban.chinhphu.vn/?classid=1&docid=214598&pageid=27160&typegroupid=3
passage_000345,doc_000004,Luật Thuế tiêu thụ đặc biệt 66/2025/QH15,"Chương I - Những quy định chung. Điều 2 - Đối tượng chịu thuế. Khoản 1, điểm c: Bia theo quy định của Luật Phòng, chống tác hại của rượu, bia",https://vanban.chinhphu.vn/?classid=1&docid=214598&pageid=27160&typegroupid=3
passage_000346,doc_000004,Luật Thuế tiêu thụ đặc biệt 66/2025/QH15,"Chương I - Những quy định chung. Điều 2 - Đối tượng chịu thuế. Khoản 1, điểm d: Xe có gắn động cơ dưới 24 chỗ, bao gồm: xe ô tô chở người; xe chở người bốn bánh có gắn động cơ; xe ô tô pick-up chở người; xe ô tô pick-up chở hàng cabin kép; xe ô tô tải VAN có từ hai hàng ghế trở lên, có thiết kế vách ngăn cố định giữa khoang chở người và khoang chở hàng",https://vanban.chinhphu.vn/?classid=1&docid=214598&pageid=27160&typegroupid=3
passage_000347,doc_000004,Luật Thuế tiêu thụ đặc biệt 66/2025/QH15,"Chương I - Những quy định chung. Điều 2 - Đối tượng chịu thuế. Khoản 1, điểm đ: Xe mô tô hai bánh, xe mô tô ba bánh có dung tích xi lanh trên 125 cm3",https://vanban.chinhphu.vn/?classid=1&docid=214598&pageid=27160&typegroupid=3
passage_000348,doc_000004,Luật Thuế tiêu thụ đặc biệt 66/2025/QH15,"Chương I - Những quy định chung. Điều 2 - Đối tượng chịu thuế. Khoản 1, điểm e: Máy bay, trực thăng, tàu lượn và du thuyền",https://vanban.chinhphu.vn/?classid=1&docid=214598&pageid=27160&typegroupid=3
passage_000349,doc_000004,Luật Thuế tiêu thụ đặc biệt 66/2025/QH15,"Chương I - Những quy định chung. Điều 2 - Đối tượng chịu thuế. Khoản 1, điểm g: Xăng các loại",https://vanban.chinhphu.vn/?classid=1&docid=214598&pageid=27160&typegroupid=3
passage_000350,doc_000004,Luật Thuế tiêu thụ đặc biệt 66/2025/QH15,"Chương I - Những quy định chung. Điều 2 - Đối tượng chịu thuế. Khoản 1, điểm h: Điều hoà nhiệt độ công suất trên 24.000 BTU đến 90.000 BTU trừ loại theo thiết kế của nhà sản xuất chỉ để lắp trên phương tiện vận tải bao gồm ô tô, toa xe lửa, máy bay, trực thăng, tàu, thuyền. Trường hợp tổ chức, cá nhân sản xuất bán hoặc tổ chức, cá nhân nhập khẩu nhập tách riêng từng bộ phận là cục nóng hoặc cục lạnh thì hàng hóa bán ra hoặc nhập khẩu (cục nóng, cục lạnh) vẫn thuộc đối tượng chịu thuế tiêu thụ đặc biệt như đối với sản phẩm hoàn chỉnh (máy điều hoà nhiệt độ hoàn chỉnh)",https://vanban.chinhphu.vn/?classid=1&docid=214598&pageid=27160&typegroupid=3
passage_000351,doc_000004,Luật Thuế tiêu thụ đặc biệt 66/2025/QH15,"Chương I - Những quy định chung. Điều 2 - Đối tượng chịu thuế. Khoản 1, điểm i: Bài lá",https://vanban.chinhphu.vn/?classid=1&docid=214598&pageid=27160&typegroupid=3
passage_000352,doc_000004,Luật Thuế tiêu thụ đặc biệt 66/2025/QH15,"Chương I - Những quy định chung. Điều 2 - Đối tượng chịu thuế. Khoản 1, điểm k: Vàng mã, hàng mã, không bao gồm hàng mã là đồ chơi trẻ em và đồ dùng dạy học",https://vanban.chinhphu.vn/?classid=1&docid=214598&pageid=27160&typegroupid=3
passage_000353,doc_000004,Luật Thuế tiêu thụ đặc biệt 66/2025/QH15,"Chương I - Những quy định chung. Điều 2 - Đối tượng chịu thuế. Khoản 1, điểm l: Nước giải khát theo Tiêu chuẩn quốc gia (TCVN) có hàm lượng đường trên 5g/100ml",https://vanban.chinhphu.vn/?classid=1&docid=214598&pageid=27160&typegroupid=3
passage_000354,doc_000004,Luật Thuế tiêu thụ đặc biệt 66/2025/QH15,"Chương I - Những quy định chung. Điều 2 - Đối tượng chịu thuế. Khoản 1, đoạn cuối: Hàng hóa quy định tại khoản này là sản phẩm hoàn chỉnh, không bao gồm linh kiện để lắp ráp các hàng hóa này.",https://vanban.chinhphu.vn/?classid=1&docid=214598&pageid=27160&typegroupid=3
passage_000355,doc_000004,Luật Thuế tiêu thụ đặc biệt 66/2025/QH15,"Chương I - Những quy định chung. Điều 2 - Đối tượng chịu thuế. Khoản 2, điểm a: Kinh doanh vũ trường",https://vanban.chinhphu.vn/?classid=1&docid=214598&pageid=27160&typegroupid=3
passage_000356,doc_000004,Luật Thuế tiêu thụ đặc biệt 66/2025/QH15,"Chương I - Những quy định chung. Điều 2 - Đối tượng chịu thuế. Khoản 2, điểm b: Kinh doanh mát-xa (massage), ka-ra-ô-kê (karaoke)",https://vanban.chinhphu.vn/?classid=1&docid=214598&pageid=27160&typegroupid=3
passage_000357,doc_000004,Luật Thuế tiêu thụ đặc biệt 66/2025/QH15,"Chương I - Những quy định chung. Điều 2 - Đối tượng chịu thuế. Khoản 2, điểm c: Kinh doanh ca-si-nô (casino); trò chơi điện tử có thưởng bao gồm trò chơi bằng máy giắc-pót (jackpot), máy sờ-lot (slot) và các loại máy tương tự",https://vanban.chinhphu.vn/?classid=1&docid=214598&pageid=27160&typegroupid=3
passage_000358,doc_000004,Luật Thuế tiêu thụ đặc biệt 66/2025/QH15,"Chương I - Những quy định chung. Điều 2 - Đối tượng chịu thuế. Khoản 2, điểm d: Kinh doanh đặt cược bao gồm đặt cược thể thao, giải trí và các hình thức đặt cược khác theo quy định của pháp luật",https://vanban.chinhphu.vn/?classid=1&docid=214598&pageid=27160&typegroupid=3
passage_000359,doc_000004,Luật Thuế tiêu thụ đặc biệt 66/2025/QH15,"Chương I - Những quy định chung. Điều 2 - Đối tượng chịu thuế. Khoản 2, điểm đ: Kinh doanh gôn (golf)",https://vanban.chinhphu.vn/?classid=1&docid=214598&pageid=27160&typegroupid=3
passage_000360,doc_000004,Luật Thuế tiêu thụ đặc biệt 66/2025/QH15,"Chương I - Những quy định chung. Điều 2 - Đối tượng chịu thuế. Khoản 2, điểm e: Kinh doanh xổ số.",https://vanban.chinhphu.vn/?classid=1&docid=214598&pageid=27160&typegroupid=3
passage_000361,doc_000004,Luật Thuế tiêu thụ đặc biệt 66/2025/QH15,"Chương I - Những quy định chung. Điều 2 - Đối tượng chịu thuế. Khoản 3: Trường hợp cần thiết phải sửa đổi, bổ sung đối tượng chịu thuế để phù hợp với bối cảnh kinh tế - xã hội trong từng thời kỳ, Chính phủ trình Ủy ban Thường vụ Quốc hội xem xét, quyết định và báo cáo Quốc hội tại kỳ họp gần nhất.",https://vanban.chinhphu.vn/?classid=1&docid=214598&pageid=27160&typegroupid=3
passage_000362,doc_000004,Luật Thuế tiêu thụ đặc biệt 66/2025/QH15,Chương I - Những quy định chung. Điều 3 - Đối tượng không chịu thuế. Khoản 1: Hàng hóa quy định tại khoản 1 Điều 2 của Luật này không thuộc đối tượng chịu thuế tiêu thụ đặc biệt trong các trường hợp sau đây:,https://vanban.chinhphu.vn/?classid=1&docid=214598&pageid=27160&typegroupid=3
passage_000363,doc_000004,Luật Thuế tiêu thụ đặc biệt 66/2025/QH15,"Chương I - Những quy định chung. Điều 3 - Đối tượng không chịu thuế. Khoản 1, điểm a: Hàng hóa do tổ chức, cá nhân sản xuất, gia công, thuê gia công trực tiếp xuất khẩu ra nước ngoài hoặc bán, ủy thác cho tổ chức, cá nhân kinh doanh khác để xuất khẩu ra nước ngoài",https://vanban.chinhphu.vn/?classid=1&docid=214598&pageid=27160&typegroupid=3
passage_000364,doc_000004,Luật Thuế tiêu thụ đặc biệt 66/2025/QH15,"Chương I - Những quy định chung. Điều 3 - Đối tượng không chịu thuế. Khoản 1, điểm b.1: Hàng viện trợ nhân đạo, viện trợ không hoàn lại bao gồm cả hàng hóa nhập khẩu bằng nguồn vốn viện trợ không hoàn lại được cơ quan có thẩm quyền phê duyệt, hàng trợ giúp nhân đạo, hàng cứu trợ khẩn cấp nhằm khắc phục hậu quả chiến tranh, thiên tai, dịch bệnh; quà tặng của tổ chức, cá nhân ở nước ngoài cho cơ quan nhà nước, tổ chức chính trị, tổ chức chính trị - xã hội, tổ chức chính trị xã hội - nghề nghiệp, tổ chức xã hội, tổ chức xã hội - nghề nghiệp, đơn vị vũ trang nhân dân, đơn vị sự nghiệp trong định mức được miễn thuế nhập khẩu theo quy định của pháp luật về thuế xuất khẩu, thuế nhập khẩu; quà biếu, quà tặng cho cá nhân tại Việt Nam trong định mức được miễn thuế nhập khẩu theo quy định của pháp luật về thuế xuất khẩu, thuế nhập khẩu",https://vanban.chinhphu.vn/?classid=1&docid=214598&pageid=27160&typegroupid=3
passage_000365,doc_000004,Luật Thuế tiêu thụ đặc biệt 66/2025/QH15,"Chương I - Những quy định chung. Điều 3 - Đối tượng không chịu thuế. Khoản 1, điểm b.2: Hàng hóa quá cảnh theo quy định của pháp luật về thương mại, quản lý ngoại thương; hàng hóa chuyển khẩu, trung chuyển; hàng hóa từ nước ngoài nhập khẩu vào kho ngoại quan sau đó xuất khẩu sang nước khác theo quy định của pháp luật về hải quan",https://vanban.chinhphu.vn/?classid=1&docid=214598&pageid=27160&typegroupid=3
passage_000366,doc_000004,Luật Thuế tiêu thụ đặc biệt 66/2025/QH15,"Chương I - Những quy định chung. Điều 3 - Đối tượng không chịu thuế. Khoản 1, điểm b.3: Hàng tạm nhập khẩu, tái xuất khẩu và tạm xuất khẩu, tái nhập khẩu không phải nộp thuế nhập khẩu, thuế xuất khẩu trong thời hạn theo quy định của pháp luật về thuế xuất khẩu, thuế nhập khẩu. Trường hợp quá thời hạn tái xuất khẩu, tái nhập khẩu hoặc bán ra hoặc thay đổi mục đích sử dụng trong thời hạn tạm nhập khẩu, tạm xuất khẩu thì tổ chức, cá nhân kinh doanh phải nộp thuế tiêu thụ đặc biệt",https://vanban.chinhphu.vn/?classid=1&docid=214598&pageid=27160&typegroupid=3
passage_000367,doc_000004,Luật Thuế tiêu thụ đặc biệt 66/2025/QH15,"Chương I - Những quy định chung. Điều 3 - Đối tượng không chịu thuế. Khoản 1, điểm b.4: Đồ dùng của tổ chức, cá nhân nước ngoài theo tiêu chuẩn miễn trừ ngoại giao; hàng hóa trong tiêu chuẩn hành lý miễn thuế nhập khẩu theo quy định của pháp luật về thuế xuất khẩu, thuế nhập khẩu; hàng nhập khẩu để bán tại cửa hàng miễn thuế theo quy định của pháp luật",https://vanban.chinhphu.vn/?classid=1&docid=214598&pageid=27160&typegroupid=3
passage_000368,doc_000004,Luật Thuế tiêu thụ đặc biệt 66/2025/QH15,"Chương I - Những quy định chung. Điều 3 - Đối tượng không chịu thuế. Khoản 1, điểm b.5: Hàng hóa xuất khẩu ra nước ngoài đã nộp thuế tiêu thụ đặc biệt bị phía nước ngoài trả lại khi nhập khẩu",https://vanban.chinhphu.vn/?classid=1&docid=214598&pageid=27160&typegroupid=3
passage_000369,doc_000004,Luật Thuế tiêu thụ đặc biệt 66/2025/QH15,"Chương I - Những quy định chung. Điều 3 - Đối tượng không chịu thuế. Khoản 1, điểm c: Máy bay, trực thăng, tàu lượn, du thuyền sử dụng cho mục đích kinh doanh vận chuyển hàng hóa, hành khách, khách du lịch và máy bay, trực thăng, tàu lượn sử dụng cho mục đích an ninh, quốc phòng, cứu thương, cứu hộ, cứu nạn, chữa cháy, huấn luyện đào tạo phi công, quay phim, chụp ảnh, đo đạc bản đồ, sản xuất nông nghiệp",https://vanban.chinhphu.vn/?classid=1&docid=214598&pageid=27160&typegroupid=3
passage_000370,doc_000004,Luật Thuế tiêu thụ đặc biệt 66/2025/QH15,"Chương I - Những quy định chung. Điều 3 - Đối tượng không chịu thuế. Khoản 1, điểm d: Xe ô tô cứu thương; xe ô tô chở phạm nhân; xe ô tô tang lễ; xe ô tô thiết kế vừa có chỗ ngồi, vừa có chỗ đứng chở được từ 24 người trở lên; xe ô tô chở người, xe chở người bốn bánh có gắn động cơ không đăng ký lưu hành và chỉ chạy trong phạm vi khu vui chơi, giải trí, thể thao, di tích lịch sử, bệnh viện, trường học và xe ô tô chuyên dùng khác theo quy định của Chính phủ.",https://vanban.chinhphu.vn/?classid=1&docid=214598&pageid=27160&typegroupid=3
passage_000371,doc_000004,Luật Thuế tiêu thụ đặc biệt 66/2025/QH15,"Chương I - Những quy định chung. Điều 3 - Đối tượng không chịu thuế. Khoản 2: Trường hợp cần thiết phải sửa đổi, bổ sung đối tượng không chịu thuế để phù hợp với bối cảnh kinh tế - xã hội trong từng thời kỳ, Chính phủ trình Ủy ban Thường vụ Quốc hội xem xét, quyết định và báo cáo Quốc hội tại kỳ họp gần nhất.",https://vanban.chinhphu.vn/?classid=1&docid=214598&pageid=27160&typegroupid=3
passage_000372,doc_000004,Luật Thuế tiêu thụ đặc biệt 66/2025/QH15,"Chương I - Những quy định chung. Điều 4 - Người nộp thuế. Khoản 1: Người nộp thuế tiêu thụ đặc biệt là tổ chức, cá nhân sản xuất, gia công, nhập khẩu hàng hóa và kinh doanh dịch vụ thuộc đối tượng chịu thuế tiêu thụ đặc biệt.",https://vanban.chinhphu.vn/?classid=1&docid=214598&pageid=27160&typegroupid=3
passage_000373,doc_000004,Luật Thuế tiêu thụ đặc biệt 66/2025/QH15,"Chương I - Những quy định chung. Điều 4 - Người nộp thuế. Khoản 2: Trường hợp tổ chức, cá nhân có hoạt động kinh doanh xuất khẩu mua hàng hóa thuộc đối tượng chịu thuế tiêu thụ đặc biệt của tổ chức, cá nhân sản xuất để xuất khẩu ra nước ngoài nhưng không xuất khẩu ra nước ngoài mà tiêu thụ trong nước thì tổ chức, cá nhân có hoạt động kinh doanh xuất khẩu là người nộp thuế tiêu thụ đặc biệt.",https://vanban.chinhphu.vn/?classid=1&docid=214598&pageid=27160&typegroupid=3
passage_000374,doc_000004,Luật Thuế tiêu thụ đặc biệt 66/2025/QH15,"Chương II - Căn cứ tính thuế. Điều 5 - Căn cứ và phương pháp tính thuế. Khoản 1, điểm a: Căn cứ tính thuế tiêu thụ đặc biệt áp dụng phương pháp tính thuế theo tỷ lệ phần trăm là giá tính thuế của hàng hóa, dịch vụ chịu thuế và thuế suất",https://vanban.chinhphu.vn/?classid=1&docid=214598&pageid=27160&typegroupid=3
passage_000375,doc_000004,Luật Thuế tiêu thụ đặc biệt 66/2025/QH15,"Chương II - Căn cứ tính thuế. Điều 5 - Căn cứ và phương pháp tính thuế. Khoản 1, điểm b: Căn cứ tính thuế tiêu thụ đặc biệt áp dụng phương pháp tính thuế tuyệt đối là lượng hàng hóa chịu thuế và mức thuế tuyệt đối.",https://vanban.chinhphu.vn/?classid=1&docid=214598&pageid=27160&typegroupid=3
passage_000376,doc_000004,Luật Thuế tiêu thụ đặc biệt 66/2025/QH15,"Chương II - Căn cứ tính thuế. Điều 5 - Căn cứ và phương pháp tính thuế. Khoản 2, công thức chung: Thuế tiêu thụ đặc biệt phải nộp bằng thuế tiêu thụ đặc biệt áp dụng phương pháp tính thuế theo tỷ lệ phần trăm cộng với thuế tiêu thụ đặc biệt áp dụng phương pháp tính thuế tuyệt đối nếu có",https://vanban.chinhphu.vn/?classid=1&docid=214598&pageid=27160&typegroupid=3
passage_000377,doc_000004,Luật Thuế tiêu thụ đặc biệt 66/2025/QH15,"Chương II - Căn cứ tính thuế. Điều 5 - Căn cứ và phương pháp tính thuế. Khoản 2, công thức theo tỷ lệ phần trăm: Thuế tiêu thụ đặc biệt áp dụng phương pháp tính thuế theo tỷ lệ phần trăm bằng giá tính thuế của hàng hóa, dịch vụ chịu thuế nhân với thuế suất",https://vanban.chinhphu.vn/?classid=1&docid=214598&pageid=27160&typegroupid=3
passage_000378,doc_000004,Luật Thuế tiêu thụ đặc biệt 66/2025/QH15,"Chương II - Căn cứ tính thuế. Điều 5 - Căn cứ và phương pháp tính thuế. Khoản 2, công thức tuyệt đối: Thuế tiêu thụ đặc biệt áp dụng phương pháp tính thuế tuyệt đối bằng lượng hàng hóa chịu thuế nhân với mức thuế tuyệt đối",https://vanban.chinhphu.vn/?classid=1&docid=214598&pageid=27160&typegroupid=3
passage_000379,doc_000004,Luật Thuế tiêu thụ đặc biệt 66/2025/QH15,"Chương II - Căn cứ tính thuế. Điều 6 - Giá tính thuế. Khoản 1: Giá tính thuế tiêu thụ đặc biệt đối với hàng hóa, dịch vụ là giá bán ra, giá cung ứng dịch vụ chưa có thuế tiêu thụ đặc biệt, chưa có thuế bảo vệ môi trường và chưa có thuế giá trị gia tăng được quy định như sau:",https://vanban.chinhphu.vn/?classid=1&docid=214598&pageid=27160&typegroupid=3
passage_000380,doc_000004,Luật Thuế tiêu thụ đặc biệt 66/2025/QH15,"Chương II - Căn cứ tính thuế. Điều 6 - Giá tính thuế. Khoản 1, điểm a: Đối với hàng hóa sản xuất trong nước, hàng hóa nhập khẩu là giá do tổ chức, cá nhân sản xuất, tổ chức, cá nhân nhập khẩu bán ra.",https://vanban.chinhphu.vn/?classid=1&docid=214598&pageid=27160&typegroupid=3
passage_000381,doc_000004,Luật Thuế tiêu thụ đặc biệt 66/2025/QH15,"Chương II - Căn cứ tính thuế. Điều 6 - Giá tính thuế. Khoản 1, điểm a: Trường hợp hàng hóa chịu thuế tiêu thụ đặc biệt được bán cho doanh nghiệp kinh doanh thương mại là doanh nghiệp có quan hệ công ty mẹ, công ty con hoặc các công ty con trong cùng công ty mẹ với doanh nghiệp sản xuất, doanh nghiệp nhập khẩu hoặc doanh nghiệp kinh doanh thương mại là doanh nghiệp có quan hệ liên kết thì giá tính thuế tiêu thụ đặc biệt không được thấp hơn tỷ lệ phần trăm (%) so với giá bình quân của các doanh nghiệp kinh doanh thương mại mua trực tiếp của doanh nghiệp sản xuất, doanh nghiệp nhập khẩu bán ra theo quy định của Chính phủ",https://vanban.chinhphu.vn/?classid=1&docid=214598&pageid=27160&typegroupid=3
passage_000382,doc_000004,Luật Thuế tiêu thụ đặc biệt 66/2025/QH15,"Chương II - Căn cứ tính thuế. Điều 6 - Giá tính thuế. Khoản 1, điểm b: Đối với hàng hóa nhập khẩu tại khâu nhập khẩu là trị giá tính thuế nhập khẩu theo quy định của pháp luật về thuế xuất khẩu, thuế nhập khẩu, cộng với thuế nhập khẩu, cộng với các khoản thuế là thuế nhập khẩu bổ sung theo quy định của pháp luật về thuế xuất khẩu, thuế nhập khẩu (nếu có). Trường hợp hàng hóa nhập khẩu được miễn, giảm thuế nhập khẩu, thuế nhập khẩu bổ sung thì giá tính thuế tiêu thụ đặc biệt không bao gồm số thuế nhập khẩu, thuế nhập khẩu bổ sung được miễn, giảm",https://vanban.chinhphu.vn/?classid=1&docid=214598&pageid=27160&typegroupid=3
passage_000383,doc_000004,Luật Thuế tiêu thụ đặc biệt 66/2025/QH15,"Chương II - Căn cứ tính thuế. Điều 6 - Giá tính thuế. Khoản 1, điểm c: Đối với hàng hóa gia công là giá tính thuế của hàng hóa bán ra của tổ chức, cá nhân giao gia công hoặc giá bán của sản phẩm cùng loại hoặc tương đương tại cùng thời điểm bán hàng",https://vanban.chinhphu.vn/?classid=1&docid=214598&pageid=27160&typegroupid=3
passage_000384,doc_000004,Luật Thuế tiêu thụ đặc biệt 66/2025/QH15,"Chương II - Căn cứ tính thuế. Điều 6 - Giá tính thuế. Khoản 1, điểm d: Đối với hàng hóa sản xuất dưới hình thức hợp tác kinh doanh giữa tổ chức, cá nhân sản xuất và tổ chức, cá nhân sử dụng hoặc sở hữu thương hiệu (nhãn hiệu) hàng hóa, công nghệ sản xuất thì giá tính thuế tiêu thụ đặc biệt là giá bán ra của tổ chức, cá nhân sử dụng hoặc sở hữu thương hiệu hàng hóa, công nghệ sản xuất. Trường hợp tổ chức, cá nhân sản xuất theo giấy phép nhượng quyền và chuyển giao hàng hóa cho chi nhánh hoặc đại diện của công ty nước ngoài tại Việt Nam để tiêu thụ sản phẩm thì giá tính thuế tiêu thụ đặc biệt là giá bán ra của chi nhánh, đại diện công ty nước ngoài tại Việt Nam",https://vanban.chinhphu.vn/?classid=1&docid=214598&pageid=27160&typegroupid=3
passage_000385,doc_000004,Luật Thuế tiêu thụ đặc biệt 66/2025/QH15,"Chương II - Căn cứ tính thuế. Điều 6 - Giá tính thuế. Khoản 1, điểm đ: Đối với hàng hóa bán theo phương thức trả góp, trả chậm là giá bán theo phương thức bán trả tiền một lần của hàng hóa đó không bao gồm khoản lãi trả góp, lãi trả chậm.",https://vanban.chinhphu.vn/?classid=1&docid=214598&pageid=27160&typegroupid=3
passage_000386,doc_000004,Luật Thuế tiêu thụ đặc biệt 66/2025/QH15,"Chương II - Căn cứ tính thuế. Điều 6 - Giá tính thuế. Khoản 1, điểm đ: Đối với hàng hóa thuộc đối tượng chịu thuế tiêu thụ đặc biệt được bán kèm theo dịch vụ cho thuê một phần hoặc bộ phận của hàng hóa đó thì giá tính thuế tiêu thụ đặc biệt là giá tính thuế của hàng hóa cùng loại hoặc tương đương được bán tại thời điểm phát sinh",https://vanban.chinhphu.vn/?classid=1&docid=214598&pageid=27160&typegroupid=3
passage_000387,doc_000004,Luật Thuế tiêu thụ đặc biệt 66/2025/QH15,"Chương II - Căn cứ tính thuế. Điều 6 - Giá tính thuế. Khoản 1, điểm e: Đối với kinh doanh gôn là giá bán thẻ hội viên, giá bán vé chơi gôn bao gồm cả tiền phí chơi gôn, tiền bán vé tập gôn, tiền bảo dưỡng sân cỏ, hoạt động cho thuê xe (buggy), thuê người giúp việc trong khi chơi gôn (caddy), tiền ký quỹ (nếu có) và các khoản thu khác liên quan đến chơi gôn do người chơi gôn, hội viên trả cho tổ chức, cá nhân kinh doanh gôn",https://vanban.chinhphu.vn/?classid=1&docid=214598&pageid=27160&typegroupid=3
passage_000388,doc_000004,Luật Thuế tiêu thụ đặc biệt 66/2025/QH15,"Chương II - Căn cứ tính thuế. Điều 6 - Giá tính thuế. Khoản 1, điểm g: Đối với kinh doanh ca-si-nô, trò chơi điện tử có thưởng, kinh doanh đặt cược là doanh thu từ hoạt động này trừ số tiền đã trả thưởng cho khách và số tiền đổi trả cho khách không sử dụng hết (nếu có)",https://vanban.chinhphu.vn/?classid=1&docid=214598&pageid=27160&typegroupid=3
passage_000389,doc_000004,Luật Thuế tiêu thụ đặc biệt 66/2025/QH15,"Chương II - Căn cứ tính thuế. Điều 6 - Giá tính thuế. Khoản 1, điểm h: Đối với kinh doanh vũ trường, mát-xa, ka-ra-ô-kê là doanh thu của các hoạt động kinh doanh trong vũ trường, kinh doanh mát-xa, ka-ra-ô-kê bao gồm cả doanh thu của dịch vụ ăn uống và các dịch vụ khác đi kèm",https://vanban.chinhphu.vn/?classid=1&docid=214598&pageid=27160&typegroupid=3
passage_000390,doc_000004,Luật Thuế tiêu thụ đặc biệt 66/2025/QH15,"Chương II - Căn cứ tính thuế. Điều 6 - Giá tính thuế. Khoản 1, điểm i: Đối với kinh doanh xổ số, giá tính thuế tiêu thụ đặc biệt là doanh thu bán vé các loại hình xổ số được phép kinh doanh theo quy định của pháp luật.",https://vanban.chinhphu.vn/?classid=1&docid=214598&pageid=27160&typegroupid=3
passage_000391,doc_000004,Luật Thuế tiêu thụ đặc biệt 66/2025/QH15,"Chương II - Căn cứ tính thuế. Điều 6 - Giá tính thuế. Khoản 2: Đối với hàng hóa, dịch vụ dùng để trao đổi hoặc tiêu dùng nội bộ, biếu, tặng cho, khuyến mại là giá tính thuế tiêu thụ đặc biệt của hàng hóa, dịch vụ cùng loại hoặc tương đương tại thời điểm phát sinh các hoạt động này.",https://vanban.chinhphu.vn/?classid=1&docid=214598&pageid=27160&typegroupid=3
passage_000392,doc_000004,Luật Thuế tiêu thụ đặc biệt 66/2025/QH15,"Chương II - Căn cứ tính thuế. Điều 6 - Giá tính thuế. Khoản 3: Giá tính thuế tiêu thụ đặc biệt đối với hàng hóa, dịch vụ quy định tại Điều này bao gồm cả khoản thu thêm, được thu (nếu có) mà tổ chức, cá nhân kinh doanh được hưởng.",https://vanban.chinhphu.vn/?classid=1&docid=214598&pageid=27160&typegroupid=3
passage_000393,doc_000004,Luật Thuế tiêu thụ đặc biệt 66/2025/QH15,"Chương II - Căn cứ tính thuế. Điều 7 - Thời điểm xác định thuế tiêu thụ đặc biệt. Khoản 1: Thời điểm xác định thuế tiêu thụ đặc biệt đối với hàng hóa là thời điểm chuyển giao quyền sở hữu hoặc quyền sử dụng hàng hóa cho người mua, không phân biệt đã thu được tiền hay chưa thu được tiền.",https://vanban.chinhphu.vn/?classid=1&docid=214598&pageid=27160&typegroupid=3
passage_000394,doc_000004,Luật Thuế tiêu thụ đặc biệt 66/2025/QH15,"Chương II - Căn cứ tính thuế. Điều 7 - Thời điểm xác định thuế tiêu thụ đặc biệt. Khoản 2: Thời điểm xác định thuế tiêu thụ đặc biệt đối với dịch vụ là thời điểm hoàn thành việc cung ứng dịch vụ hoặc thời điểm lập hóa đơn cung ứng dịch vụ, không phân biệt đã thu được tiền hay chưa thu được tiền.",https://vanban.chinhphu.vn/?classid=1&docid=214598&pageid=27160&typegroupid=3
passage_000395,doc_000004,Luật Thuế tiêu thụ đặc biệt 66/2025/QH15,Chương II - Căn cứ tính thuế. Điều 7 - Thời điểm xác định thuế tiêu thụ đặc biệt. Khoản 3: Thời điểm xác định thuế tiêu thụ đặc biệt đối với hàng hóa nhập khẩu là thời điểm đăng ký tờ khai hải quan.,https://vanban.chinhphu.vn/?classid=1&docid=214598&pageid=27160&typegroupid=3
passage_000396,doc_000004,Luật Thuế tiêu thụ đặc biệt 66/2025/QH15,"Chương II - Căn cứ tính thuế. Điều 8 - Thuế suất và mức thuế tuyệt đối. Khoản 1: Thuế suất và mức thuế tuyệt đối thuế tiêu thụ đặc biệt đối với hàng hóa, dịch vụ được quy định tại Biểu thuế tiêu thụ đặc biệt sau đây:",https://vanban.chinhphu.vn/?classid=1&docid=214598&pageid=27160&typegroupid=3
passage_000397,doc_000004,Luật Thuế tiêu thụ đặc biệt 66/2025/QH15,"Chương II - Căn cứ tính thuế. Điều 8 - Thuế suất và mức thuế tuyệt đối. Khoản 1, Biểu thuế, phần I, mục 1: Thuốc lá",https://vanban.chinhphu.vn/?classid=1&docid=214598&pageid=27160&typegroupid=3
passage_000398,doc_000004,Luật Thuế tiêu thụ đặc biệt 66/2025/QH15,"Chương II - Căn cứ tính thuế. Điều 8 - Thuế suất và mức thuế tuyệt đối. Khoản 1, Biểu thuế, phần I, mục 1, điểm a: Thuốc lá điếu áp dụng thuế suất 75 và mức thuế tuyệt đối - Từ 01/01/2027: 2.000 đồng/bao - Từ 01/01/2028: 4.000 đồng/bao - Từ 01/01/2029: 6.000 đồng/bao - Từ 01/01/2030: 8.000 đồng/bao - Từ 01/01/2031: 10.000 đồng/bao",https://vanban.chinhphu.vn/?classid=1&docid=214598&pageid=27160&typegroupid=3
passage_000399,doc_000004,Luật Thuế tiêu thụ đặc biệt 66/2025/QH15,"Chương II - Căn cứ tính thuế. Điều 8 - Thuế suất và mức thuế tuyệt đối. Khoản 1, Biểu thuế, phần I, mục 1, điểm b: Xì gà áp dụng thuế suất 75 và mức thuế tuyệt đối - Từ 01/01/2027: 20.000 đồng/điếu - Từ 01/01/2028: 40.000 đồng/điếu - Từ 01/01/2029: 60.000 đồng/điếu - Từ 01/01/2030: 80.000 đồng/điếu - Từ 01/01/2031: 100.000 đồng/điếu",https://vanban.chinhphu.vn/?classid=1&docid=214598&pageid=27160&typegroupid=3
passage_000400,doc_000004,Luật Thuế tiêu thụ đặc biệt 66/2025/QH15,"Chương II - Căn cứ tính thuế. Điều 8 - Thuế suất và mức thuế tuyệt đối. Khoản 1, Biểu thuế, phần I, mục 1, điểm c: Thuốc lá sợi, thuốc lào hoặc các dạng khác áp dụng thuế suất 75 và mức thuế tuyệt đối - Từ 01/01/2027: 20.000 đồng/100g hoặc 100ml - Từ 01/01/2028: 40.000 đồng/100g hoặc 100ml - Từ 01/01/2029: 60.000 đồng/100g hoặc 100ml - Từ 01/01/2030: 80.000 đồng/100g hoặc 100ml - Từ 01/01/2031: 100.000 đồng/100g hoặc 100ml",https://vanban.chinhphu.vn/?classid=1&docid=214598&pageid=27160&typegroupid=3
passage_000401,doc_000004,Luật Thuế tiêu thụ đặc biệt 66/2025/QH15,"Chương II - Căn cứ tính thuế. Điều 8 - Thuế suất và mức thuế tuyệt đối. Khoản 1, Biểu thuế, phần I, mục 2: Rượu",https://vanban.chinhphu.vn/?classid=1&docid=214598&pageid=27160&typegroupid=3
passage_000402,doc_000004,Luật Thuế tiêu thụ đặc biệt 66/2025/QH15,"Chương II - Căn cứ tính thuế. Điều 8 - Thuế suất và mức thuế tuyệt đối. Khoản 1, Biểu thuế, phần I, mục 2, điểm a: Rượu từ 20 độ trở lên áp dụng thuế suất - Từ 01/01/2026: 65 - Từ 01/01/2027: 70 - Từ 01/01/2028: 75 - Từ 01/01/2029: 80 - Từ 01/01/2030: 85 - Từ 01/01/2031: 90",https://vanban.chinhphu.vn/?classid=1&docid=214598&pageid=27160&typegroupid=3
passage_000403,doc_000004,Luật Thuế tiêu thụ đặc biệt 66/2025/QH15,"Chương II - Căn cứ tính thuế. Điều 8 - Thuế suất và mức thuế tuyệt đối. Khoản 1, Biểu thuế, phần I, mục 2, điểm b: Rượu dưới 20 độ áp dụng thuế suất - Từ 01/01/2026: 35 - Từ 01/01/2027: 40 - Từ 01/01/2028: 45 - Từ 01/01/2029: 50 - Từ 01/01/2030: 55 - Từ 01/01/2031: 60",https://vanban.chinhphu.vn/?classid=1&docid=214598&pageid=27160&typegroupid=3
passage_000404,doc_000004,Luật Thuế tiêu thụ đặc biệt 66/2025/QH15,"Chương II - Căn cứ tính thuế. Điều 8 - Thuế suất và mức thuế tuyệt đối. Khoản 1, Biểu thuế, phần I, mục 3: Bia áp dụng thuế suất - Từ 01/01/2026: 65 - Từ 01/01/2027: 70 - Từ 01/01/2028: 75 - Từ 01/01/2029: 80 - Từ 01/01/2030: 85 - Từ 01/01/2031: 90",https://vanban.chinhphu.vn/?classid=1&docid=214598&pageid=27160&typegroupid=3
passage_000405,doc_000004,Luật Thuế tiêu thụ đặc biệt 66/2025/QH15,"Chương II - Căn cứ tính thuế. Điều 8 - Thuế suất và mức thuế tuyệt đối. Khoản 1, Biểu thuế, phần I, mục 4: Xe có gắn động cơ dưới 24 chỗ",https://vanban.chinhphu.vn/?classid=1&docid=214598&pageid=27160&typegroupid=3
passage_000406,doc_000004,Luật Thuế tiêu thụ đặc biệt 66/2025/QH15,"Chương II - Căn cứ tính thuế. Điều 8 - Thuế suất và mức thuế tuyệt đối. Khoản 1, Biểu thuế, phần I, mục 4, điểm a: Xe ô tô chở người và xe chở người bốn bánh có gắn động cơ từ 9 chỗ trở xuống, xe ô tô pick-up chở người, trừ loại quy định tại các mục 4đ, 4e và 4g của Biểu thuế quy định tại khoản này",https://vanban.chinhphu.vn/?classid=1&docid=214598&pageid=27160&typegroupid=3
passage_000407,doc_000004,Luật Thuế tiêu thụ đặc biệt 66/2025/QH15,"Chương II - Căn cứ tính thuế. Điều 8 - Thuế suất và mức thuế tuyệt đối. Khoản 1, Biểu thuế, phần I, mục 4, điểm a: Loại có dung tích xi lanh từ 1.500 cm3 trở xuống áp dụng thuế suất 35",https://vanban.chinhphu.vn/?classid=1&docid=214598&pageid=27160&typegroupid=3
passage_000408,doc_000004,Luật Thuế tiêu thụ đặc biệt 66/2025/QH15,"Chương II - Căn cứ tính thuế. Điều 8 - Thuế suất và mức thuế tuyệt đối. Khoản 1, Biểu thuế, phần I, mục 4, điểm a: Loại có dung tích xi lanh trên 1.500 cm3 đến 2.000 cm3 áp dụng thuế suất 40",https://vanban.chinhphu.vn/?classid=1&docid=214598&pageid=27160&typegroupid=3
passage_000409,doc_000004,Luật Thuế tiêu thụ đặc biệt 66/2025/QH15,"Chương II - Căn cứ tính thuế. Điều 8 - Thuế suất và mức thuế tuyệt đối. Khoản 1, Biểu thuế, phần I, mục 4, điểm a: Loại có dung tích xi lanh trên 2.000 cm3 đến 2.500 cm3 áp dụng thuế suất 50",https://vanban.chinhphu.vn/?classid=1&docid=214598&pageid=27160&typegroupid=3
passage_000410,doc_000004,Luật Thuế tiêu thụ đặc biệt 66/2025/QH15,"Chương II - Căn cứ tính thuế. Điều 8 - Thuế suất và mức thuế tuyệt đối. Khoản 1, Biểu thuế, phần I, mục 4, điểm a: Loại có dung tích xi lanh trên 2.500 cm3 đến 3.000 cm3 áp dụng thuế suất 60",https://vanban.chinhphu.vn/?classid=1&docid=214598&pageid=27160&typegroupid=3
passage_000411,doc_000004,Luật Thuế tiêu thụ đặc biệt 66/2025/QH15,"Chương II - Căn cứ tính thuế. Điều 8 - Thuế suất và mức thuế tuyệt đối. Khoản 1, Biểu thuế, phần I, mục 4, điểm a: Loại có dung tích xi lanh trên 3.000 cm3 đến 4.000 cm3 áp dụng thuế suất 90",https://vanban.chinhphu.vn/?classid=1&docid=214598&pageid=27160&typegroupid=3
passage_000412,doc_000004,Luật Thuế tiêu thụ đặc biệt 66/2025/QH15,"Chương II - Căn cứ tính thuế. Điều 8 - Thuế suất và mức thuế tuyệt đối. Khoản 1, Biểu thuế, phần I, mục 4, điểm a: Loại có dung tích xi lanh trên 4.000 cm3 đến 5.000 cm3 áp dụng thuế suất 110",https://vanban.chinhphu.vn/?classid=1&docid=214598&pageid=27160&typegroupid=3
passage_000413,doc_000004,Luật Thuế tiêu thụ đặc biệt 66/2025/QH15,"Chương II - Căn cứ tính thuế. Điều 8 - Thuế suất và mức thuế tuyệt đối. Khoản 1, Biểu thuế, phần I, mục 4, điểm a: Loại có dung tích xi lanh trên 5.000 cm3 đến 6.000 cm3 áp dụng thuế suất 130",https://vanban.chinhphu.vn/?classid=1&docid=214598&pageid=27160&typegroupid=3
passage_000414,doc_000004,Luật Thuế tiêu thụ đặc biệt 66/2025/QH15,"Chương II - Căn cứ tính thuế. Điều 8 - Thuế suất và mức thuế tuyệt đối. Khoản 1, Biểu thuế, phần I, mục 4, điểm a: Loại có dung tích xi lanh trên 6.000 cm3 áp dụng thuế suất 150",https://vanban.chinhphu.vn/?classid=1&docid=214598&pageid=27160&typegroupid=3
passage_000415,doc_000004,Luật Thuế tiêu thụ đặc biệt 66/2025/QH15,"Chương II - Căn cứ tính thuế. Điều 8 - Thuế suất và mức thuế tuyệt đối. Khoản 1, Biểu thuế, phần I, mục 4, điểm b: Xe ô tô chở người và xe chở người bốn bánh có gắn động cơ từ 10 đến dưới 16 chỗ, trừ loại quy định tại các mục 4đ, 4e và 4g của Biểu thuế quy định tại khoản này áp dụng thuế suất 15",https://vanban.chinhphu.vn/?classid=1&docid=214598&pageid=27160&typegroupid=3
passage_000416,doc_000004,Luật Thuế tiêu thụ đặc biệt 66/2025/QH15,"Chương II - Căn cứ tính thuế. Điều 8 - Thuế suất và mức thuế tuyệt đối. Khoản 1, Biểu thuế, phần I, mục 4, điểm c: Xe ô tô chở người và xe chở người bốn bánh có gắn động cơ từ 16 đến dưới 24 chỗ, trừ loại quy định tại các mục 4đ, 4c và 4g của Biểu thuế quy định tại khoản này áp dụng thuế suất 10",https://vanban.chinhphu.vn/?classid=1&docid=214598&pageid=27160&typegroupid=3
passage_000417,doc_000004,Luật Thuế tiêu thụ đặc biệt 66/2025/QH15,"Chương II - Căn cứ tính thuế. Điều 8 - Thuế suất và mức thuế tuyệt đối. Khoản 1, Biểu thuế, phần I, mục 4, điểm d: Xe ô tô pick-up chở hàng cabin kép, xe ô tô tải VAN có từ hai hàng ghế trở lên, có thiết kế vách ngăn cố định giữa khoang chở người và khoang chở hàng, trừ loại quy định tại các mục 4đ, 4e và 4g của Biểu thuế quy định tại khoản này",https://vanban.chinhphu.vn/?classid=1&docid=214598&pageid=27160&typegroupid=3
passage_000418,doc_000004,Luật Thuế tiêu thụ đặc biệt 66/2025/QH15,"Chương II - Căn cứ tính thuế. Điều 8 - Thuế suất và mức thuế tuyệt đối. Khoản 1, Biểu thuế, phần I, mục 4, điểm d: Loại có dung tích xi lanh từ 2.500 cm3 trở xuống áp dụng thuế suất - Từ 01/01/2026: 15 - Từ 01/01/2027: 18 - Từ 01/01/2028: 21 - Từ 01/01/2029: 24",https://vanban.chinhphu.vn/?classid=1&docid=214598&pageid=27160&typegroupid=3
passage_000419,doc_000004,Luật Thuế tiêu thụ đặc biệt 66/2025/QH15,"Chương II - Căn cứ tính thuế. Điều 8 - Thuế suất và mức thuế tuyệt đối. Khoản 1, Biểu thuế, phần I, mục 4, điểm d: Loại có dung tích xi lanh trên 2.500 cm3 đến 3.000 cm3 áp dụng thuế suất - Từ 01/01/2026: 20 - Từ 01/01/2027: 23 - Từ 01/01/2028: 26 - Từ 01/01/2029: 29",https://vanban.chinhphu.vn/?classid=1&docid=214598&pageid=27160&typegroupid=3
passage_000420,doc_000004,Luật Thuế tiêu thụ đặc biệt 66/2025/QH15,"Chương II - Căn cứ tính thuế. Điều 8 - Thuế suất và mức thuế tuyệt đối. Khoản 1, Biểu thuế, phần I, mục 4, điểm d: Loại có dung tích xi lanh trên 3.000 cm3 áp dụng thuế suất - Từ 01/01/2026: 25 - Từ 01/01/2027: 28 - Từ 01/01/2028: 31 - Từ 01/01/2029: 34",https://vanban.chinhphu.vn/?classid=1&docid=214598&pageid=27160&typegroupid=3
passage_000421,doc_000004,Luật Thuế tiêu thụ đặc biệt 66/2025/QH15,"Chương II - Căn cứ tính thuế. Điều 8 - Thuế suất và mức thuế tuyệt đối. Khoản 1, Biểu thuế, phần I, mục 4, điểm đ: Xe ô tô chạy bằng xăng kết hợp năng lượng điện theo quy định của Chính phủ, xe ô tô chạy bằng xăng kết hợp năng lượng sinh học, trong đó tỷ trọng xăng sử dụng không quá 70% số năng lượng sử dụng do Chính phủ quy định; xe ô tô chạy bằng khí thiên nhiên áp dụng thuế suất Bằng 70% mức thuế suất áp dụng cho xe cùng loại quy định tại các mục 4a, 4b, 4c và 4d của Biểu thuế quy định tại khoản này.",https://vanban.chinhphu.vn/?classid=1&docid=214598&pageid=27160&typegroupid=3
passage_000422,doc_000004,Luật Thuế tiêu thụ đặc biệt 66/2025/QH15,"Chương II - Căn cứ tính thuế. Điều 8 - Thuế suất và mức thuế tuyệt đối. Khoản 1, Biểu thuế, phần I, mục 4, điểm e: Xe ô tô chạy bằng năng lượng sinh học áp dụng thuế suất Bằng 50% mức thuế suất áp dụng cho xe cùng loại quy định tại các mục 4a, 4b, 4c và 4d của Biểu thuế quy định tại khoản này.",https://vanban.chinhphu.vn/?classid=1&docid=214598&pageid=27160&typegroupid=3
passage_000423,doc_000004,Luật Thuế tiêu thụ đặc biệt 66/2025/QH15,"Chương II - Căn cứ tính thuế. Điều 8 - Thuế suất và mức thuế tuyệt đối. Khoản 1, Biểu thuế, phần I, mục 4, điểm g: Xe có gắn động cơ dưới 24 chỗ chạy điện",https://vanban.chinhphu.vn/?classid=1&docid=214598&pageid=27160&typegroupid=3
passage_000424,doc_000004,Luật Thuế tiêu thụ đặc biệt 66/2025/QH15,"Chương II - Căn cứ tính thuế. Điều 8 - Thuế suất và mức thuế tuyệt đối. Khoản 1, Biểu thuế, phần I, mục 4, điểm g: Xe có gắn động cơ dưới 24 chỗ chạy bằng pin",https://vanban.chinhphu.vn/?classid=1&docid=214598&pageid=27160&typegroupid=3
passage_000425,doc_000004,Luật Thuế tiêu thụ đặc biệt 66/2025/QH15,"Chương II - Căn cứ tính thuế. Điều 8 - Thuế suất và mức thuế tuyệt đối. Khoản 1, Biểu thuế, phần I, mục 4, điểm g, nhóm Xe có gắn động cơ dưới 24 chỗ chạy bằng pin: Xe ô tô chở người và xe chở người bốn bánh có gắn động cơ từ 9 chỗ trở xuống, xe ô tô pick-up chở người áp dụng thuế suất - Từ 01/01/2026: 3 - Từ 01/3/2027: 11",https://vanban.chinhphu.vn/?classid=1&docid=214598&pageid=27160&typegroupid=3
passage_000426,doc_000004,Luật Thuế tiêu thụ đặc biệt 66/2025/QH15,"Chương II - Căn cứ tính thuế. Điều 8 - Thuế suất và mức thuế tuyệt đối. Khoản 1, Biểu thuế, phần I, mục 4, điểm g, nhóm Xe có gắn động cơ dưới 24 chỗ chạy bằng pin: Xe ô tô chở người và xe chở người bốn bánh có gắn động cơ từ 10 đến dưới 16 chỗ áp dụng thuế suất - Từ 01/01/2026: 2 - Từ 01/3/2027: 7",https://vanban.chinhphu.vn/?classid=1&docid=214598&pageid=27160&typegroupid=3
passage_000427,doc_000004,Luật Thuế tiêu thụ đặc biệt 66/2025/QH15,"Chương II - Căn cứ tính thuế. Điều 8 - Thuế suất và mức thuế tuyệt đối. Khoản 1, Biểu thuế, phần I, mục 4, điểm g, nhóm Xe có gắn động cơ dưới 24 chỗ chạy bằng pin: Xe ô tô chở người và xe chở người bốn bánh có gắn động cơ từ 16 đến dưới 24 chỗ áp dụng thuế suất - Từ 01/01/2026: 1 - Từ 01/3/2027: 4",https://vanban.chinhphu.vn/?classid=1&docid=214598&pageid=27160&typegroupid=3
passage_000428,doc_000004,Luật Thuế tiêu thụ đặc biệt 66/2025/QH15,"Chương II - Căn cứ tính thuế. Điều 8 - Thuế suất và mức thuế tuyệt đối. Khoản 1, Biểu thuế, phần I, mục 4, điểm g, nhóm Xe có gắn động cơ dưới 24 chỗ chạy bằng pin: Xe ô tô pick-up chở hàng cabin kép, xe ô tô tải VAN có từ hai hàng ghế trở lên, có thiết kế vách ngăn cố định giữa khoang chở người và khoang chở hàng áp dụng thuế suất - Từ 01/01/2026: 2 - Từ 01/3/2027: 7",https://vanban.chinhphu.vn/?classid=1&docid=214598&pageid=27160&typegroupid=3
passage_000429,doc_000004,Luật Thuế tiêu thụ đặc biệt 66/2025/QH15,"Chương II - Căn cứ tính thuế. Điều 8 - Thuế suất và mức thuế tuyệt đối. Khoản 1, Biểu thuế, phần I, mục 4, điểm g: Xe có động cơ dưới 24 chỗ chạy điện khác",https://vanban.chinhphu.vn/?classid=1&docid=214598&pageid=27160&typegroupid=3
passage_000430,doc_000004,Luật Thuế tiêu thụ đặc biệt 66/2025/QH15,"Chương II - Căn cứ tính thuế. Điều 8 - Thuế suất và mức thuế tuyệt đối. Khoản 1, Biểu thuế, phần I, mục 4, điểm g, nhóm Xe có động cơ dưới 24 chỗ chạy điện khác: Xe ô tô chở người và xe chở người bốn bánh có gắn động cơ từ 9 chỗ trở xuống, xe ô tô pick-up chở người áp dụng thuế suất 15",https://vanban.chinhphu.vn/?classid=1&docid=214598&pageid=27160&typegroupid=3
passage_000431,doc_000004,Luật Thuế tiêu thụ đặc biệt 66/2025/QH15,"Chương II - Căn cứ tính thuế. Điều 8 - Thuế suất và mức thuế tuyệt đối. Khoản 1, Biểu thuế, phần I, mục 4, điểm g, nhóm Xe có động cơ dưới 24 chỗ chạy điện khác: Xe ô tô chở người và xe chở người bốn bánh có gắn động cơ từ 10 đến dưới 16 chỗ áp dụng thuế suất 10",https://vanban.chinhphu.vn/?classid=1&docid=214598&pageid=27160&typegroupid=3
passage_000432,doc_000004,Luật Thuế tiêu thụ đặc biệt 66/2025/QH15,"Chương II - Căn cứ tính thuế. Điều 8 - Thuế suất và mức thuế tuyệt đối. Khoản 1, Biểu thuế, phần I, mục 4, điểm g, nhóm Xe có động cơ dưới 24 chỗ chạy điện khác: Xe ô tô chở người và xe chở người bốn bánh có gắn động cơ từ 16 đến dưới 24 chỗ áp dụng thuế suất 5",https://vanban.chinhphu.vn/?classid=1&docid=214598&pageid=27160&typegroupid=3
passage_000433,doc_000004,Luật Thuế tiêu thụ đặc biệt 66/2025/QH15,"Chương II - Căn cứ tính thuế. Điều 8 - Thuế suất và mức thuế tuyệt đối. Khoản 1, Biểu thuế, phần I, mục 4, điểm g, nhóm Xe có động cơ dưới 24 chỗ chạy điện khác: Xe ô tô pick-up chở hàng cabin kép, xe ô tô tải VAN có từ hai hàng ghế trở lên, có thiết kế vách ngăn cố định giữa khoang chở người và khoang chở hàng áp dụng thuế suất 10",https://vanban.chinhphu.vn/?classid=1&docid=214598&pageid=27160&typegroupid=3
passage_000434,doc_000004,Luật Thuế tiêu thụ đặc biệt 66/2025/QH15,"Chương II - Căn cứ tính thuế. Điều 8 - Thuế suất và mức thuế tuyệt đối. Khoản 1, Biểu thuế, phần I, mục 4, điểm h: Xe ô tô nhà ở lưu động không phân biệt dung tích xi lanh áp dụng thuế suất 75",https://vanban.chinhphu.vn/?classid=1&docid=214598&pageid=27160&typegroupid=3
passage_000435,doc_000004,Luật Thuế tiêu thụ đặc biệt 66/2025/QH15,"Chương II - Căn cứ tính thuế. Điều 8 - Thuế suất và mức thuế tuyệt đối. Khoản 1, Biểu thuế, phần I, mục 5: Xe mô tô hai bánh, xe mô tô ba bánh có dung tích xi lanh trên 125 cm3 áp dụng thuế suất 20",https://vanban.chinhphu.vn/?classid=1&docid=214598&pageid=27160&typegroupid=3
passage_000436,doc_000004,Luật Thuế tiêu thụ đặc biệt 66/2025/QH15,"Chương II - Căn cứ tính thuế. Điều 8 - Thuế suất và mức thuế tuyệt đối. Khoản 1, Biểu thuế, phần I, mục 6: Máy bay, trực thăng, tàu lượn áp dụng thuế suất 30",https://vanban.chinhphu.vn/?classid=1&docid=214598&pageid=27160&typegroupid=3
passage_000437,doc_000004,Luật Thuế tiêu thụ đặc biệt 66/2025/QH15,"Chương II - Căn cứ tính thuế. Điều 8 - Thuế suất và mức thuế tuyệt đối. Khoản 1, Biểu thuế, phần I, mục 7: Du thuyền áp dụng thuế suất 30",https://vanban.chinhphu.vn/?classid=1&docid=214598&pageid=27160&typegroupid=3
passage_000438,doc_000004,Luật Thuế tiêu thụ đặc biệt 66/2025/QH15,"Chương II - Căn cứ tính thuế. Điều 8 - Thuế suất và mức thuế tuyệt đối. Khoản 1, Biểu thuế, phần I, mục 8: Xăng các loại",https://vanban.chinhphu.vn/?classid=1&docid=214598&pageid=27160&typegroupid=3
passage_000439,doc_000004,Luật Thuế tiêu thụ đặc biệt 66/2025/QH15,"Chương II - Căn cứ tính thuế. Điều 8 - Thuế suất và mức thuế tuyệt đối. Khoản 1, Biểu thuế, phần I, mục 8, điểm a: Xăng áp dụng thuế suất 10",https://vanban.chinhphu.vn/?classid=1&docid=214598&pageid=27160&typegroupid=3
passage_000440,doc_000004,Luật Thuế tiêu thụ đặc biệt 66/2025/QH15,"Chương II - Căn cứ tính thuế. Điều 8 - Thuế suất và mức thuế tuyệt đối. Khoản 1, Biểu thuế, phần I, mục 8, điểm b: Xăng E5 áp dụng thuế suất 8",https://vanban.chinhphu.vn/?classid=1&docid=214598&pageid=27160&typegroupid=3
passage_000441,doc_000004,Luật Thuế tiêu thụ đặc biệt 66/2025/QH15,"Chương II - Căn cứ tính thuế. Điều 8 - Thuế suất và mức thuế tuyệt đối. Khoản 1, Biểu thuế, phần I, mục 8, điểm c: Xăng E10 áp dụng thuế suất 7",https://vanban.chinhphu.vn/?classid=1&docid=214598&pageid=27160&typegroupid=3
passage_000442,doc_000004,Luật Thuế tiêu thụ đặc biệt 66/2025/QH15,"Chương II - Căn cứ tính thuế. Điều 8 - Thuế suất và mức thuế tuyệt đối. Khoản 1, Biểu thuế, phần I, mục 9: Điều hòa nhiệt độ công suất trên 24.000 BTU đến 90.000 BTU áp dụng thuế suất 10",https://vanban.chinhphu.vn/?classid=1&docid=214598&pageid=27160&typegroupid=3
passage_000443,doc_000004,Luật Thuế tiêu thụ đặc biệt 66/2025/QH15,"Chương II - Căn cứ tính thuế. Điều 8 - Thuế suất và mức thuế tuyệt đối. Khoản 1, Biểu thuế, phần I, mục 10: Bài lá áp dụng thuế suất 40",https://vanban.chinhphu.vn/?classid=1&docid=214598&pageid=27160&typegroupid=3
passage_000444,doc_000004,Luật Thuế tiêu thụ đặc biệt 66/2025/QH15,"Chương II - Căn cứ tính thuế. Điều 8 - Thuế suất và mức thuế tuyệt đối. Khoản 1, Biểu thuế, phần I, mục 11: Vàng mã, hàng mã áp dụng thuế suất 70",https://vanban.chinhphu.vn/?classid=1&docid=214598&pageid=27160&typegroupid=3
passage_000445,doc_000004,Luật Thuế tiêu thụ đặc biệt 66/2025/QH15,"Chương II - Căn cứ tính thuế. Điều 8 - Thuế suất và mức thuế tuyệt đối. Khoản 1, Biểu thuế, phần I, mục 12: Nước giải khát theo Tiêu chuẩn quốc gia (TCVN) có hàm lượng đường trên 5g/100ml áp dụng thuế suất - Từ 01/01/2027: 8 - Từ 01/01/2028: 10",https://vanban.chinhphu.vn/?classid=1&docid=214598&pageid=27160&typegroupid=3
passage_000446,doc_000004,Luật Thuế tiêu thụ đặc biệt 66/2025/QH15,"Chương II - Căn cứ tính thuế. Điều 8 - Thuế suất và mức thuế tuyệt đối. Khoản 1, Biểu thuế, phần II, mục 1: Kinh doanh vũ trường áp dụng thuế suất 40",https://vanban.chinhphu.vn/?classid=1&docid=214598&pageid=27160&typegroupid=3
passage_000447,doc_000004,Luật Thuế tiêu thụ đặc biệt 66/2025/QH15,"Chương II - Căn cứ tính thuế. Điều 8 - Thuế suất và mức thuế tuyệt đối. Khoản 1, Biểu thuế, phần II, mục 2: Kinh doanh mát-xa, ka-ra-ô-kê áp dụng thuế suất 30",https://vanban.chinhphu.vn/?classid=1&docid=214598&pageid=27160&typegroupid=3
passage_000448,doc_000004,Luật Thuế tiêu thụ đặc biệt 66/2025/QH15,"Chương II - Căn cứ tính thuế. Điều 8 - Thuế suất và mức thuế tuyệt đối. Khoản 1, Biểu thuế, phần II, mục 3: Kinh doanh ca-si-nô, trò chơi điện tử có thưởng áp dụng thuế suất 35",https://vanban.chinhphu.vn/?classid=1&docid=214598&pageid=27160&typegroupid=3
passage_000449,doc_000004,Luật Thuế tiêu thụ đặc biệt 66/2025/QH15,"Chương II - Căn cứ tính thuế. Điều 8 - Thuế suất và mức thuế tuyệt đối. Khoản 1, Biểu thuế, phần II, mục 4: Kinh doanh đặt cược áp dụng thuế suất 30",https://vanban.chinhphu.vn/?classid=1&docid=214598&pageid=27160&typegroupid=3
passage_000450,doc_000004,Luật Thuế tiêu thụ đặc biệt 66/2025/QH15,"Chương II - Căn cứ tính thuế. Điều 8 - Thuế suất và mức thuế tuyệt đối. Khoản 1, Biểu thuế, phần II, mục 5: Kinh doanh gôn áp dụng thuế suất 20",https://vanban.chinhphu.vn/?classid=1&docid=214598&pageid=27160&typegroupid=3
passage_000451,doc_000004,Luật Thuế tiêu thụ đặc biệt 66/2025/QH15,"Chương II - Căn cứ tính thuế. Điều 8 - Thuế suất và mức thuế tuyệt đối. Khoản 1, Biểu thuế, phần II, mục 6: Kinh doanh xổ số áp dụng thuế suất 15",https://vanban.chinhphu.vn/?classid=1&docid=214598&pageid=27160&typegroupid=3
passage_000452,doc_000004,Luật Thuế tiêu thụ đặc biệt 66/2025/QH15,Chương II - Căn cứ tính thuế. Điều 8 - Thuế suất và mức thuế tuyệt đối. Khoản 2: Mức thuế tuyệt đối đối với thuốc lá điếu tại điểm a mục 1 phần I của Biểu thuế này áp dụng với bao thuốc lá có 20 điếu. Chính phủ hướng dẫn quy đổi mức thuế tuyệt đối áp dụng đối với bao thuốc lá khác 20 điếu.,https://vanban.chinhphu.vn/?classid=1&docid=214598&pageid=27160&typegroupid=3
passage_000453,doc_000004,Luật Thuế tiêu thụ đặc biệt 66/2025/QH15,Chương II - Căn cứ tính thuế. Điều 8 - Thuế suất và mức thuế tuyệt đối. Khoản 2: Mức thuế tuyệt đối đối với xì gà tại điểm b mục 1 phần I của Biểu thuế này áp dụng với xì gà có trọng lượng 20g/điếu. Chính phủ hướng dẫn quy đổi mức thuế tuyệt đối áp dụng đối với xì gà có trọng lượng khác 20g/điếu.,https://vanban.chinhphu.vn/?classid=1&docid=214598&pageid=27160&typegroupid=3
passage_000454,doc_000004,Luật Thuế tiêu thụ đặc biệt 66/2025/QH15,"Chương III - Hoàn thuế, khấu trừ thuế, giảm thuế. Điều 9 - Hoàn thuế, khấu trừ thuế. Khoản 1: Người nộp thuế tiêu thụ đặc biệt được hoàn thuế đã nộp trong các trường hợp sau đây:",https://vanban.chinhphu.vn/?classid=1&docid=214598&pageid=27160&typegroupid=3
passage_000455,doc_000004,Luật Thuế tiêu thụ đặc biệt 66/2025/QH15,"Chương III - Hoàn thuế, khấu trừ thuế, giảm thuế. Điều 9 - Hoàn thuế, khấu trừ thuế. Khoản 1, điểm a: Hàng hóa là nguyên liệu nhập khẩu để sản xuất, gia công hàng xuất khẩu ra nước ngoài.",https://vanban.chinhphu.vn/?classid=1&docid=214598&pageid=27160&typegroupid=3
passage_000456,doc_000004,Luật Thuế tiêu thụ đặc biệt 66/2025/QH15,"Chương III - Hoàn thuế, khấu trừ thuế, giảm thuế. Điều 9 - Hoàn thuế, khấu trừ thuế. Khoản 1, điểm a: Việc hoàn thuế tiêu thụ đặc biệt theo quy định tại điểm này chỉ thực hiện đối với số lượng hàng hóa thực tế xuất khẩu ra nước ngoài",https://vanban.chinhphu.vn/?classid=1&docid=214598&pageid=27160&typegroupid=3
passage_000457,doc_000004,Luật Thuế tiêu thụ đặc biệt 66/2025/QH15,"Chương III - Hoàn thuế, khấu trừ thuế, giảm thuế. Điều 9 - Hoàn thuế, khấu trừ thuế. Khoản 1, điểm b: Quyết toán thuế khi giải thể, phá sản có số thuế tiêu thụ đặc biệt chưa được khấu trừ hết.",https://vanban.chinhphu.vn/?classid=1&docid=214598&pageid=27160&typegroupid=3
passage_000458,doc_000004,Luật Thuế tiêu thụ đặc biệt 66/2025/QH15,"Chương III - Hoàn thuế, khấu trừ thuế, giảm thuế. Điều 9 - Hoàn thuế, khấu trừ thuế. Khoản 1, điểm b: Trường hợp tổ hợp tác chuyển đổi thành hợp tác xã thì hợp tác xã được kế thừa số thuế tiêu thụ đặc biệt nộp thừa hoặc chưa được khấu trừ hết của tổ hợp tác để khấu trừ, hoàn thuế theo quy định",https://vanban.chinhphu.vn/?classid=1&docid=214598&pageid=27160&typegroupid=3
passage_000459,doc_000004,Luật Thuế tiêu thụ đặc biệt 66/2025/QH15,"Chương III - Hoàn thuế, khấu trừ thuế, giảm thuế. Điều 9 - Hoàn thuế, khấu trừ thuế. Khoản 1, điểm c: Hoàn thuế tiêu thụ đặc biệt theo điều ước quốc tế mà nước Cộng hòa xã hội chủ nghĩa Việt Nam là thành viên.",https://vanban.chinhphu.vn/?classid=1&docid=214598&pageid=27160&typegroupid=3
passage_000460,doc_000004,Luật Thuế tiêu thụ đặc biệt 66/2025/QH15,"Chương III - Hoàn thuế, khấu trừ thuế, giảm thuế. Điều 9 - Hoàn thuế, khấu trừ thuế. Khoản 2: Người nộp thuế sản xuất hàng hóa thuộc đối tượng chịu thuế tiêu thụ đặc biệt bằng nguyên liệu đã nộp thuế tiêu thụ đặc biệt, nếu có chứng từ hợp pháp, thì được khấu trừ số thuế đã nộp đối với nguyên liệu khi xác định số thuế tiêu thụ đặc biệt phải nộp ở khâu sản xuất.",https://vanban.chinhphu.vn/?classid=1&docid=214598&pageid=27160&typegroupid=3
passage_000461,doc_000004,Luật Thuế tiêu thụ đặc biệt 66/2025/QH15,"Chương III - Hoàn thuế, khấu trừ thuế, giảm thuế. Điều 9 - Hoàn thuế, khấu trừ thuế. Khoản 2: Đối với người nộp thuế được phép sản xuất, pha chế xăng sinh học, số thuế tiêu thụ đặc biệt chưa được khấu trừ hết của xăng khoáng nguyên liệu dùng để sản xuất, pha chế xăng sinh học (bao gồm cả số thuế chưa được khấu trừ hết của kỳ khai thuế trước đó liền kề) được bù trừ với số thuế tiêu thụ đặc biệt phải nộp của hàng hóa, dịch vụ khác phát sinh trong kỳ. Trường hợp sau khi bù trừ, còn số thuế tiêu thụ đặc biệt chưa được khấu trừ hết của xăng khoáng nguyên liệu dùng để sản xuất, pha chế xăng sinh học thì được khấu trừ vào kỳ tiếp theo hoặc được hoàn trả.",https://vanban.chinhphu.vn/?classid=1&docid=214598&pageid=27160&typegroupid=3
passage_000462,doc_000004,Luật Thuế tiêu thụ đặc biệt 66/2025/QH15,"Chương III - Hoàn thuế, khấu trừ thuế, giảm thuế. Điều 9 - Hoàn thuế, khấu trừ thuế. Khoản 2: Nguồn hoàn trả thuế tiêu thụ đặc biệt được lấy từ số thu về thuế tiêu thụ đặc biệt của ngân sách trung ương.",https://vanban.chinhphu.vn/?classid=1&docid=214598&pageid=27160&typegroupid=3
passage_000463,doc_000004,Luật Thuế tiêu thụ đặc biệt 66/2025/QH15,"Chương III - Hoàn thuế, khấu trừ thuế, giảm thuế. Điều 9 - Hoàn thuế, khấu trừ thuế. Khoản 3: Người nộp thuế nhập khẩu hàng hóa chịu thuế tiêu thụ đặc biệt được khấu trừ số thuế tiêu thụ đặc biệt đã nộp ở khâu nhập khẩu khi xác định số thuế tiêu thụ đặc biệt phải nộp ở khâu bán ra.",https://vanban.chinhphu.vn/?classid=1&docid=214598&pageid=27160&typegroupid=3
passage_000464,doc_000004,Luật Thuế tiêu thụ đặc biệt 66/2025/QH15,"Chương III - Hoàn thuế, khấu trừ thuế, giảm thuế. Điều 10 - Giảm thuế. Khoản 1: Người nộp thuế sản xuất hàng hóa thuộc đối tượng chịu thuế tiêu thụ đặc biệt gặp khó khăn do thiên tai, tai nạn bất ngờ được giảm thuế.",https://vanban.chinhphu.vn/?classid=1&docid=214598&pageid=27160&typegroupid=3
passage_000465,doc_000004,Luật Thuế tiêu thụ đặc biệt 66/2025/QH15,"Chương III - Hoàn thuế, khấu trừ thuế, giảm thuế. Điều 10 - Giảm thuế. Khoản 2: Mức giảm thuế được xác định trên cơ sở tổn thất thực tế do thiên tai, tai nạn bất ngờ gây ra nhưng không quá 30% số thuế phải nộp của năm xảy ra thiệt hại và không vượt quá giá trị tài sản bị thiệt hại sau khi được bồi thường (nếu có).",https://vanban.chinhphu.vn/?classid=1&docid=214598&pageid=27160&typegroupid=3
passage_000466,doc_000004,Luật Thuế tiêu thụ đặc biệt 66/2025/QH15,"Chương III - Hoàn thuế, khấu trừ thuế, giảm thuế. Điều 10 - Giảm thuế. Khoản 3: Thủ tục, hồ sơ giảm thuế được thực hiện theo quy định của pháp luật về quản lý thuế.",https://vanban.chinhphu.vn/?classid=1&docid=214598&pageid=27160&typegroupid=3
passage_000467,doc_000004,Luật Thuế tiêu thụ đặc biệt 66/2025/QH15,Chương IV - Điều khoản thi hành. Điều 11 - Hiệu lực thi hành. Khoản 1: Luật này có hiệu lực thi hành từ ngày 01 tháng 01 năm 2026.,https://vanban.chinhphu.vn/?classid=1&docid=214598&pageid=27160&typegroupid=3
passage_000468,doc_000004,Luật Thuế tiêu thụ đặc biệt 66/2025/QH15,"Chương IV - Điều khoản thi hành. Điều 11 - Hiệu lực thi hành. Khoản 2: Luật Thuế tiêu thụ đặc biệt số 27/2008/QH12 đã được sửa đổi, bổ sung một số điều theo Luật số 70/2014/QH13, Luật số 71/2014/QH13, Luật số 106/2016/QH13 và Luật số 03/2022/QH15 hết hiệu lực kể từ ngày Luật này có hiệu lực thi hành.",https://vanban.chinhphu.vn/?classid=1&docid=214598&pageid=27160&typegroupid=3
passage_000469,doc_000005,Luật 67/2025/QH15 - Thuế thu nhập doanh nghiệp,"Chương I - Những quy định chung. Điều 1 - Phạm vi điều chỉnh: Luật này quy định về người nộp thuế, thu nhập chịu thuế, thu nhập được miễn thuế, căn cứ tính thuế, phương pháp tính thuế và ưu đãi thuế thu nhập doanh nghiệp",https://vanban.chinhphu.vn/?classid=1&docid=214607&pageid=27160&typegroupid=3
passage_000470,doc_000005,Luật 67/2025/QH15 - Thuế thu nhập doanh nghiệp,"Chương I - Những quy định chung. Điều 2 - Người nộp thuế. Khoản 1, điểm a: Doanh nghiệp được thành lập theo quy định của pháp luật Việt Nam",https://vanban.chinhphu.vn/?classid=1&docid=214607&pageid=27160&typegroupid=3
passage_000471,doc_000005,Luật 67/2025/QH15 - Thuế thu nhập doanh nghiệp,"Chương I - Những quy định chung. Điều 2 - Người nộp thuế. Khoản 1, điểm b: Doanh nghiệp được thành lập theo quy định của pháp luật nước ngoài (sau đây gọi là doanh nghiệp nước ngoài) có cơ sở thường trú hoặc không có cơ sở thường trú tại Việt Nam",https://vanban.chinhphu.vn/?classid=1&docid=214607&pageid=27160&typegroupid=3
passage_000472,doc_000005,Luật 67/2025/QH15 - Thuế thu nhập doanh nghiệp,"Chương I - Những quy định chung. Điều 2 - Người nộp thuế. Khoản 1, điểm c: Hợp tác xã, liên hiệp hợp tác xã được thành lập theo quy định của Luật Hợp tác xã",https://vanban.chinhphu.vn/?classid=1&docid=214607&pageid=27160&typegroupid=3
passage_000473,doc_000005,Luật 67/2025/QH15 - Thuế thu nhập doanh nghiệp,"Chương I - Những quy định chung. Điều 2 - Người nộp thuế. Khoản 1, điểm d: Đơn vị sự nghiệp được thành lập theo quy định của pháp luật Việt Nam",https://vanban.chinhphu.vn/?classid=1&docid=214607&pageid=27160&typegroupid=3
passage_000474,doc_000005,Luật 67/2025/QH15 - Thuế thu nhập doanh nghiệp,"Chương I - Những quy định chung. Điều 2 - Người nộp thuế. Khoản 1, điểm đ: Tổ chức khác có hoạt động sản xuất, kinh doanh có thu nhập",https://vanban.chinhphu.vn/?classid=1&docid=214607&pageid=27160&typegroupid=3
passage_000475,doc_000005,Luật 67/2025/QH15 - Thuế thu nhập doanh nghiệp,"Chương I - Những quy định chung. Điều 2 - Người nộp thuế. Khoản 2, điểm a: Doanh nghiệp được thành lập theo quy định của pháp luật Việt Nam nộp thuế đối với thu nhập chịu thuế phát sinh tại Việt Nam và thu nhập chịu thuế phát sinh ngoài Việt Nam",https://vanban.chinhphu.vn/?classid=1&docid=214607&pageid=27160&typegroupid=3
passage_000476,doc_000005,Luật 67/2025/QH15 - Thuế thu nhập doanh nghiệp,"Chương I - Những quy định chung. Điều 2 - Người nộp thuế. Khoản 2, điểm b: Doanh nghiệp nước ngoài có cơ sở thường trú tại Việt Nam nộp thuế đối với thu nhập chịu thuế phát sinh tại Việt Nam và thu nhập chịu thuế phát sinh ngoài Việt Nam liên quan đến hoạt động của cơ sở thường trú đó",https://vanban.chinhphu.vn/?classid=1&docid=214607&pageid=27160&typegroupid=3
passage_000477,doc_000005,Luật 67/2025/QH15 - Thuế thu nhập doanh nghiệp,"Chương I - Những quy định chung. Điều 2 - Người nộp thuế. Khoản 2, điểm c: Doanh nghiệp nước ngoài có cơ sở thường trú tại Việt Nam nộp thuế đối với thu nhập chịu thuế phát sinh tại Việt Nam mà khoản thu nhập này không liên quan đến hoạt động của cơ sở thường trú",https://vanban.chinhphu.vn/?classid=1&docid=214607&pageid=27160&typegroupid=3
passage_000478,doc_000005,Luật 67/2025/QH15 - Thuế thu nhập doanh nghiệp,"Chương I - Những quy định chung. Điều 2 - Người nộp thuế. Khoản 2, điểm d: Doanh nghiệp nước ngoài không có cơ sở thường trú tại Việt Nam, bao gồm cả các doanh nghiệp kinh doanh thương mại điện tử, kinh doanh dựa trên nền tảng số, nộp thuế đối với thu nhập chịu thuế phát sinh tại Việt Nam",https://vanban.chinhphu.vn/?classid=1&docid=214607&pageid=27160&typegroupid=3
passage_000479,doc_000005,Luật 67/2025/QH15 - Thuế thu nhập doanh nghiệp,"Chương I - Những quy định chung. Điều 2 - Người nộp thuế. Khoản 3, điểm a: Chi nhánh, văn phòng điều hành, nhà máy, công xưởng, phương tiện vận tải, mỏ dầu, mỏ khí, mỏ hoặc địa điểm khai thác tài nguyên thiên nhiên khác tại Việt Nam",https://vanban.chinhphu.vn/?classid=1&docid=214607&pageid=27160&typegroupid=3
passage_000480,doc_000005,Luật 67/2025/QH15 - Thuế thu nhập doanh nghiệp,"Chương I - Những quy định chung. Điều 2 - Người nộp thuế. Khoản 3, điểm b: Địa điểm xây dựng, công trình xây dựng, lắp đặt, lắp ráp",https://vanban.chinhphu.vn/?classid=1&docid=214607&pageid=27160&typegroupid=3
passage_000481,doc_000005,Luật 67/2025/QH15 - Thuế thu nhập doanh nghiệp,"Chương I - Những quy định chung. Điều 2 - Người nộp thuế. Khoản 3, điểm c: Cơ sở cung cấp dịch vụ, bao gồm cả dịch vụ tư vấn thông qua người làm công hoặc tổ chức, cá nhân khác",https://vanban.chinhphu.vn/?classid=1&docid=214607&pageid=27160&typegroupid=3
passage_000482,doc_000005,Luật 67/2025/QH15 - Thuế thu nhập doanh nghiệp,"Chương I - Những quy định chung. Điều 2 - Người nộp thuế. Khoản 3, điểm d: Đại lý cho doanh nghiệp nước ngoài",https://vanban.chinhphu.vn/?classid=1&docid=214607&pageid=27160&typegroupid=3
passage_000483,doc_000005,Luật 67/2025/QH15 - Thuế thu nhập doanh nghiệp,"Chương I - Những quy định chung. Điều 2 - Người nộp thuế. Khoản 3, điểm đ: Đại diện tại Việt Nam trong trường hợp là đại diện có thẩm quyền ký kết hợp đồng đứng tên doanh nghiệp nước ngoài hoặc đại diện không có thẩm quyền ký kết hợp đồng đứng tên doanh nghiệp nước ngoài nhưng thường xuyên thực hiện việc giao hàng hóa hoặc cung ứng dịch vụ tại Việt Nam",https://vanban.chinhphu.vn/?classid=1&docid=214607&pageid=27160&typegroupid=3
passage_000484,doc_000005,Luật 67/2025/QH15 - Thuế thu nhập doanh nghiệp,"Chương I - Những quy định chung. Điều 2 - Người nộp thuế. Khoản 3, điểm e: Nền tảng thương mại điện tử, nền tảng số mà thông qua đó doanh nghiệp nước ngoài tiến hành cung cấp hàng hóa, dịch vụ tại Việt Nam",https://vanban.chinhphu.vn/?classid=1&docid=214607&pageid=27160&typegroupid=3
passage_000485,doc_000005,Luật 67/2025/QH15 - Thuế thu nhập doanh nghiệp,Chương I - Những quy định chung. Điều 2 - Người nộp thuế. Khoản 4: Chính phủ quy định chi tiết Điều này,https://vanban.chinhphu.vn/?classid=1&docid=214607&pageid=27160&typegroupid=3
passage_000486,doc_000005,Luật 67/2025/QH15 - Thuế thu nhập doanh nghiệp,"Chương I - Những quy định chung. Điều 3 - Thu nhập chịu thuế. Khoản 1: Thu nhập chịu thuế thu nhập doanh nghiệp bao gồm thu nhập từ hoạt động sản xuất, kinh doanh hàng hóa, dịch vụ và thu nhập khác quy định tại khoản 2 Điều này",https://vanban.chinhphu.vn/?classid=1&docid=214607&pageid=27160&typegroupid=3
passage_000487,doc_000005,Luật 67/2025/QH15 - Thuế thu nhập doanh nghiệp,"Chương I - Những quy định chung. Điều 3 - Thu nhập chịu thuế. Khoản 2, điểm a: Thu nhập từ chuyển nhượng vốn, chuyển nhượng quyền góp vốn, chuyển nhượng chứng khoán",https://vanban.chinhphu.vn/?classid=1&docid=214607&pageid=27160&typegroupid=3
passage_000488,doc_000005,Luật 67/2025/QH15 - Thuế thu nhập doanh nghiệp,"Chương I - Những quy định chung. Điều 3 - Thu nhập chịu thuế. Khoản 2, điểm b: Thu nhập từ chuyển nhượng bất động sản, trừ thu nhập từ chuyển nhượng bất động sản của doanh nghiệp kinh doanh bất động sản",https://vanban.chinhphu.vn/?classid=1&docid=214607&pageid=27160&typegroupid=3
passage_000489,doc_000005,Luật 67/2025/QH15 - Thuế thu nhập doanh nghiệp,"Chương I - Những quy định chung. Điều 3 - Thu nhập chịu thuế. Khoản 2, điểm c: Thu nhập từ chuyển nhượng dự án đầu tư, chuyển nhượng quyền tham gia dự án đầu tư, chuyển nhượng quyền thăm dò, khai thác, chế biến khoáng sản",https://vanban.chinhphu.vn/?classid=1&docid=214607&pageid=27160&typegroupid=3
passage_000490,doc_000005,Luật 67/2025/QH15 - Thuế thu nhập doanh nghiệp,"Chương I - Những quy định chung. Điều 3 - Thu nhập chịu thuế. Khoản 2, điểm d: Thu nhập từ chuyển nhượng, cho thuê, thanh lý tài sản, trong đó có các loại giấy tờ có giá, trừ bất động sản",https://vanban.chinhphu.vn/?classid=1&docid=214607&pageid=27160&typegroupid=3
passage_000491,doc_000005,Luật 67/2025/QH15 - Thuế thu nhập doanh nghiệp,"Chương I - Những quy định chung. Điều 3 - Thu nhập chịu thuế. Khoản 2, điểm đ: Thu nhập từ quyền sử dụng, quyền sở hữu tài sản, bao gồm cả thu nhập từ quyền sở hữu trí tuệ, chuyển giao công nghệ",https://vanban.chinhphu.vn/?classid=1&docid=214607&pageid=27160&typegroupid=3
passage_000492,doc_000005,Luật 67/2025/QH15 - Thuế thu nhập doanh nghiệp,"Chương I - Những quy định chung. Điều 3 - Thu nhập chịu thuế. Khoản 2, điểm e: Thu nhập từ lãi tiền gửi, lãi cho vay vốn, bán ngoại tệ, trừ thu nhập từ hoạt động tín dụng của tổ chức tín dụng",https://vanban.chinhphu.vn/?classid=1&docid=214607&pageid=27160&typegroupid=3
passage_000493,doc_000005,Luật 67/2025/QH15 - Thuế thu nhập doanh nghiệp,"Chương I - Những quy định chung. Điều 3 - Thu nhập chịu thuế. Khoản 2, điểm g: Khoản trích trước vào chi phí nhưng không sử dụng hoặc sử dụng không hết mà doanh nghiệp không hạch toán điều chỉnh giảm chi phí được trừ; khoản nợ khó đòi đã xóa nay đòi được; khoản nợ phải trả không xác định được chủ nợ; khoản thu nhập từ kinh doanh của những năm trước bị bỏ sót nay phát hiện ra",https://vanban.chinhphu.vn/?classid=1&docid=214607&pageid=27160&typegroupid=3
passage_000494,doc_000005,Luật 67/2025/QH15 - Thuế thu nhập doanh nghiệp,"Chương I - Những quy định chung. Điều 3 - Thu nhập chịu thuế. Khoản 2, điểm h: Chênh lệch giữa thu về tiền phạt, tiền bồi thường do vi phạm hợp đồng kinh tế hoặc thưởng do thực hiện tốt cam kết theo hợp đồng",https://vanban.chinhphu.vn/?classid=1&docid=214607&pageid=27160&typegroupid=3
passage_000495,doc_000005,Luật 67/2025/QH15 - Thuế thu nhập doanh nghiệp,"Chương I - Những quy định chung. Điều 3 - Thu nhập chịu thuế. Khoản 2, điểm i: Các khoản tài trợ, tặng cho bằng tiền hoặc hiện vật nhận được",https://vanban.chinhphu.vn/?classid=1&docid=214607&pageid=27160&typegroupid=3
passage_000496,doc_000005,Luật 67/2025/QH15 - Thuế thu nhập doanh nghiệp,"Chương I - Những quy định chung. Điều 3 - Thu nhập chịu thuế. Khoản 2, điểm k: Chênh lệch do đánh giá lại tài sản theo quy định của pháp luật để góp vốn, điều chuyển khi sáp nhập, hợp nhất, chia, tách, chuyển đổi chủ sở hữu, chuyển đổi loại hình doanh nghiệp",https://vanban.chinhphu.vn/?classid=1&docid=214607&pageid=27160&typegroupid=3
passage_000497,doc_000005,Luật 67/2025/QH15 - Thuế thu nhập doanh nghiệp,"Chương I - Những quy định chung. Điều 3 - Thu nhập chịu thuế. Khoản 2, điểm l: Thu nhập từ hợp đồng hợp tác kinh doanh",https://vanban.chinhphu.vn/?classid=1&docid=214607&pageid=27160&typegroupid=3
passage_000498,doc_000005,Luật 67/2025/QH15 - Thuế thu nhập doanh nghiệp,"Chương I - Những quy định chung. Điều 3 - Thu nhập chịu thuế. Khoản 2, điểm m: Thu nhập từ hoạt động sản xuất, kinh doanh ở nước ngoài",https://vanban.chinhphu.vn/?classid=1&docid=214607&pageid=27160&typegroupid=3
passage_000499,doc_000005,Luật 67/2025/QH15 - Thuế thu nhập doanh nghiệp,"Chương I - Những quy định chung. Điều 3 - Thu nhập chịu thuế. Khoản 2, điểm n: Thu nhập của đơn vị sự nghiệp công lập đối với các hoạt động cho thuê tài sản công",https://vanban.chinhphu.vn/?classid=1&docid=214607&pageid=27160&typegroupid=3
passage_000500,doc_000005,Luật 67/2025/QH15 - Thuế thu nhập doanh nghiệp,"Chương I - Những quy định chung. Điều 3 - Thu nhập chịu thuế. Khoản 2, điểm o: Các khoản thu nhập khác, trừ các khoản thu nhập được miễn thuế quy định tại Điều 4 của Luật này",https://vanban.chinhphu.vn/?classid=1&docid=214607&pageid=27160&typegroupid=3
passage_000501,doc_000005,Luật 67/2025/QH15 - Thuế thu nhập doanh nghiệp,"Chương I - Những quy định chung. Điều 3 - Thu nhập chịu thuế. Khoản 3: Thu nhập chịu thuế phát sinh tại Việt Nam của doanh nghiệp nước ngoài quy định tại điểm c, điểm d khoản 2 Điều 2 của Luật này là thu nhập nhận được có nguồn gốc từ Việt Nam, không phụ thuộc vào địa điểm tiến hành kinh doanh",https://vanban.chinhphu.vn/?classid=1&docid=214607&pageid=27160&typegroupid=3
passage_000502,doc_000005,Luật 67/2025/QH15 - Thuế thu nhập doanh nghiệp,"Chương I - Những quy định chung. Điều 3 - Thu nhập chịu thuế. Khoản 4: Doanh nghiệp Việt Nam đầu tư ở nước ngoài có phát sinh thu nhập từ hoạt động sản xuất, kinh doanh tại nước ngoài trong kỳ tính thuế được trừ số thuế thu nhập doanh nghiệp phải nộp theo quy định của nước tiếp nhận đầu tư vào số thuế thu nhập doanh nghiệp phải nộp ở Việt Nam, nhưng không được vượt quá số thuế thu nhập doanh nghiệp tính theo quy định của pháp luật về thuế thu nhập doanh nghiệp của Việt Nam",https://vanban.chinhphu.vn/?classid=1&docid=214607&pageid=27160&typegroupid=3
passage_000503,doc_000005,Luật 67/2025/QH15 - Thuế thu nhập doanh nghiệp,Chương I - Những quy định chung. Điều 3 - Thu nhập chịu thuế. Khoản 5: Doanh nghiệp phải nộp thuế thu nhập doanh nghiệp bổ sung về tổng hợp thu nhập chịu thuế tối thiểu (IIR) theo quy định của pháp luật thì thuế thu nhập doanh nghiệp bổ sung phải nộp được trừ vào số thuế thu nhập doanh nghiệp phải nộp tại Việt Nam theo quy định của Luật này,https://vanban.chinhphu.vn/?classid=1&docid=214607&pageid=27160&typegroupid=3
passage_000504,doc_000005,Luật 67/2025/QH15 - Thuế thu nhập doanh nghiệp,Chương I - Những quy định chung. Điều 3 - Thu nhập chịu thuế. Khoản 6: Chính phủ quy định chi tiết Điều này,https://vanban.chinhphu.vn/?classid=1&docid=214607&pageid=27160&typegroupid=3
passage_000505,doc_000005,Luật 67/2025/QH15 - Thuế thu nhập doanh nghiệp,"Chương I - Những quy định chung. Điều 4 - Thu nhập được miễn thuế. Khoản 1: Thu nhập từ hoạt động đánh bắt hải sản; thu nhập của doanh nghiệp từ sản xuất sản phẩm cây trồng, rừng trồng, chăn nuôi, thủy sản nuôi trồng, chế biến nông sản, thủy sản (kể cả trường hợp mua sản phẩm nông sản, thủy sản về chế biến) ở địa bàn có điều kiện kinh tế - xã hội đặc biệt khó khăn; thu nhập của hợp tác xã, liên hiệp hợp tác xã từ sản xuất sản phẩm cây trồng, rừng trồng, chăn nuôi, thủy sản nuôi trồng, chế biến nông sản, thủy sản (kể cả trường hợp mua sản phẩm nông sản, thủy sản về chế biến), sản xuất muối",https://vanban.chinhphu.vn/?classid=1&docid=214607&pageid=27160&typegroupid=3
passage_000506,doc_000005,Luật 67/2025/QH15 - Thuế thu nhập doanh nghiệp,"Chương I - Những quy định chung. Điều 4 - Thu nhập được miễn thuế. Khoản 2: Thu nhập của hợp tác xã, liên hiệp hợp tác xã hoạt động trong lĩnh vực nông nghiệp, lâm nghiệp, ngư nghiệp, diêm nghiệp ở địa bàn có điều kiện kinh tế - xã hội khó khăn hoặc ở địa bàn có điều kiện kinh tế - xã hội đặc biệt khó khăn",https://vanban.chinhphu.vn/?classid=1&docid=214607&pageid=27160&typegroupid=3
passage_000507,doc_000005,Luật 67/2025/QH15 - Thuế thu nhập doanh nghiệp,Chương I - Những quy định chung. Điều 4 - Thu nhập được miễn thuế. Khoản 3: Thu nhập từ việc thực hiện dịch vụ kỹ thuật trực tiếp phục vụ nông nghiệp,https://vanban.chinhphu.vn/?classid=1&docid=214607&pageid=27160&typegroupid=3
passage_000508,doc_000005,Luật 67/2025/QH15 - Thuế thu nhập doanh nghiệp,"Chương I - Những quy định chung. Điều 4 - Thu nhập được miễn thuế. Khoản 4: Thu nhập từ việc thực hiện hợp đồng nghiên cứu khoa học, phát triển công nghệ và đổi mới sáng tạo, chuyển đổi số; thu nhập từ bán sản phẩm làm ra từ công nghệ mới lần đầu tiên áp dụng ở Việt Nam; thu nhập từ bán sản phẩm sản xuất thử nghiệm trong thời gian sản xuất thử nghiệm bao gồm cả sản xuất thử nghiệm có kiểm soát theo quy định của pháp luật. Thu nhập tại khoản này được miễn thuế tối đa không quá 03 năm",https://vanban.chinhphu.vn/?classid=1&docid=214607&pageid=27160&typegroupid=3
passage_000509,doc_000005,Luật 67/2025/QH15 - Thuế thu nhập doanh nghiệp,"Chương I - Những quy định chung. Điều 4 - Thu nhập được miễn thuế. Khoản 5: Thu nhập từ hoạt động sản xuất, kinh doanh hàng hóa, dịch vụ của doanh nghiệp có từ 30% số lao động bình quân trong năm trở lên là người khuyết tật, người sau cai nghiện ma túy, người nhiễm vi rút gây ra hội chứng suy giảm miễn dịch mắc phải ở người (HIV/AIDS) và có số lao động bình quân trong năm từ 20 người trở lên, không bao gồm doanh nghiệp hoạt động trong lĩnh vực tài chính, kinh doanh bất động sản",https://vanban.chinhphu.vn/?classid=1&docid=214607&pageid=27160&typegroupid=3
passage_000510,doc_000005,Luật 67/2025/QH15 - Thuế thu nhập doanh nghiệp,"Chương I - Những quy định chung. Điều 4 - Thu nhập được miễn thuế. Khoản 6: Thu nhập từ hoạt động giáo dục nghề nghiệp, đào tạo nghề nghiệp dành riêng cho người dân tộc thiểu số, người khuyết tật, trẻ em có hoàn cảnh đặc biệt, đối tượng tệ nạn xã hội",https://vanban.chinhphu.vn/?classid=1&docid=214607&pageid=27160&typegroupid=3
passage_000511,doc_000005,Luật 67/2025/QH15 - Thuế thu nhập doanh nghiệp,"Chương I - Những quy định chung. Điều 4 - Thu nhập được miễn thuế. Khoản 7: Thu nhập được chia từ hoạt động góp vốn, mua cổ phần, liên doanh, liên kết với doanh nghiệp trong nước, sau khi đã nộp thuế thu nhập doanh nghiệp theo quy định của Luật này, kể cả trường hợp bên nhận góp vốn, phát hành cổ phiếu, bên liên doanh, liên kết được hưởng ưu đãi thuế thu nhập doanh nghiệp",https://vanban.chinhphu.vn/?classid=1&docid=214607&pageid=27160&typegroupid=3
passage_000512,doc_000005,Luật 67/2025/QH15 - Thuế thu nhập doanh nghiệp,"Chương I - Những quy định chung. Điều 4 - Thu nhập được miễn thuế. Khoản 8: Khoản tài trợ nhận được để sử dụng cho hoạt động giáo dục, văn hóa, nghệ thuật, từ thiện, nhân đạo và hoạt động xã hội khác tại Việt Nam; khoản tài trợ nhận được từ doanh nghiệp không có quan hệ liên kết, tổ chức, cá nhân trong nước và ngoài nước để sử dụng cho hoạt động nghiên cứu khoa học, phát triển công nghệ và đổi mới sáng tạo, chuyển đổi số; khoản hỗ trợ trực tiếp từ ngân sách nhà nước và từ Quỹ hỗ trợ đầu tư do Chính phủ thành lập; khoản bồi thường của Nhà nước theo quy định của pháp luật. Trường hợp khoản tài trợ nhận được tại khoản này mà doanh nghiệp sử dụng không đúng mục đích thì bị truy thu thuế và xử phạt vi phạm theo quy định của pháp luật",https://vanban.chinhphu.vn/?classid=1&docid=214607&pageid=27160&typegroupid=3
passage_000513,doc_000005,Luật 67/2025/QH15 - Thuế thu nhập doanh nghiệp,"Chương I - Những quy định chung. Điều 4 - Thu nhập được miễn thuế. Khoản 9: Khoản chênh lệch do đánh giá lại tài sản theo quy định của pháp luật để cổ phần hóa, sắp xếp lại doanh nghiệp do Nhà nước nắm giữ 100% vốn điều lệ",https://vanban.chinhphu.vn/?classid=1&docid=214607&pageid=27160&typegroupid=3
passage_000514,doc_000005,Luật 67/2025/QH15 - Thuế thu nhập doanh nghiệp,"Chương I - Những quy định chung. Điều 4 - Thu nhập được miễn thuế. Khoản 10: Thu nhập từ chuyển nhượng chứng chỉ giảm phát thải, chuyển nhượng tín chỉ các-bon lần đầu sau khi phát hành của doanh nghiệp được cấp chứng chỉ giảm phát thải, tín chỉ các-bon; thu nhập từ tiền lãi trái phiếu xanh; thu nhập từ chuyển nhượng trái phiếu xanh lần đầu sau khi phát hành",https://vanban.chinhphu.vn/?classid=1&docid=214607&pageid=27160&typegroupid=3
passage_000515,doc_000005,Luật 67/2025/QH15 - Thuế thu nhập doanh nghiệp,"Chương I - Những quy định chung. Điều 4 - Thu nhập được miễn thuế. Khoản 11, điểm a: Thu nhập của Ngân hàng Phát triển Việt Nam trong hoạt động tín dụng đầu tư phát triển, tín dụng xuất khẩu",https://vanban.chinhphu.vn/?classid=1&docid=214607&pageid=27160&typegroupid=3
passage_000516,doc_000005,Luật 67/2025/QH15 - Thuế thu nhập doanh nghiệp,"Chương I - Những quy định chung. Điều 4 - Thu nhập được miễn thuế. Khoản 11, điểm b: Thu nhập của Ngân hàng Chính sách xã hội từ hoạt động tín dụng cho người nghèo và các đối tượng chính sách khác",https://vanban.chinhphu.vn/?classid=1&docid=214607&pageid=27160&typegroupid=3
passage_000517,doc_000005,Luật 67/2025/QH15 - Thuế thu nhập doanh nghiệp,"Chương I - Những quy định chung. Điều 4 - Thu nhập được miễn thuế. Khoản 11, điểm c: Thu nhập của Công ty trách nhiệm hữu hạn một thành viên quản lý tài sản của các tổ chức tín dụng Việt Nam",https://vanban.chinhphu.vn/?classid=1&docid=214607&pageid=27160&typegroupid=3
passage_000518,doc_000005,Luật 67/2025/QH15 - Thuế thu nhập doanh nghiệp,"Chương I - Những quy định chung. Điều 4 - Thu nhập được miễn thuế. Khoản 11, điểm d: Thu nhập từ hoạt động có thu của các quỹ tài chính nhà nước và quỹ, tổ chức khác của Nhà nước hoạt động không vì mục tiêu lợi nhuận do Chính phủ, Thủ tướng Chính phủ quy định hoặc quyết định",https://vanban.chinhphu.vn/?classid=1&docid=214607&pageid=27160&typegroupid=3
passage_000519,doc_000005,Luật 67/2025/QH15 - Thuế thu nhập doanh nghiệp,"Chương I - Những quy định chung. Điều 4 - Thu nhập được miễn thuế. Khoản 12: Phần thu nhập không chia của cơ sở thực hiện xã hội hóa trong lĩnh vực giáo dục - đào tạo, y tế và lĩnh vực xã hội hóa khác để lại để đầu tư phát triển cơ sở đó đáp ứng tỷ lệ tối thiểu do Chính phủ quy định; phần thu nhập hình thành quỹ chung không chia, tài sản chung không chia của hợp tác xã, liên hiệp hợp tác xã được thành lập và hoạt động theo quy định của pháp luật về hợp tác xã",https://vanban.chinhphu.vn/?classid=1&docid=214607&pageid=27160&typegroupid=3
passage_000520,doc_000005,Luật 67/2025/QH15 - Thuế thu nhập doanh nghiệp,"Chương I - Những quy định chung. Điều 4 - Thu nhập được miễn thuế. Khoản 13: Thu nhập từ chuyển giao công nghệ thuộc lĩnh vực ưu tiên chuyển giao công nghệ cho tổ chức, cá nhân ở địa bàn có điều kiện kinh tế - xã hội đặc biệt khó khăn",https://vanban.chinhphu.vn/?classid=1&docid=214607&pageid=27160&typegroupid=3
passage_000521,doc_000005,Luật 67/2025/QH15 - Thuế thu nhập doanh nghiệp,"Chương I - Những quy định chung. Điều 4 - Thu nhập được miễn thuế. Khoản 14, điểm a: Dịch vụ sự nghiệp công cơ bản, thiết yếu thuộc danh mục dịch vụ sự nghiệp công sử dụng ngân sách nhà nước do cơ quan có thẩm quyền ban hành",https://vanban.chinhphu.vn/?classid=1&docid=214607&pageid=27160&typegroupid=3
passage_000522,doc_000005,Luật 67/2025/QH15 - Thuế thu nhập doanh nghiệp,"Chương I - Những quy định chung. Điều 4 - Thu nhập được miễn thuế. Khoản 14, điểm b: Dịch vụ sự nghiệp công mà Nhà nước phải hỗ trợ, đảm bảo kinh phí hoạt động do chưa tính đủ chi phí cung cấp dịch vụ trong trong giá dịch vụ",https://vanban.chinhphu.vn/?classid=1&docid=214607&pageid=27160&typegroupid=3
passage_000523,doc_000005,Luật 67/2025/QH15 - Thuế thu nhập doanh nghiệp,"Chương I - Những quy định chung. Điều 4 - Thu nhập được miễn thuế. Khoản 14, điểm c: Dịch vụ sự nghiệp công tại địa bàn có điều kiện kinh tế - xã hội đặc biệt khó khăn",https://vanban.chinhphu.vn/?classid=1&docid=214607&pageid=27160&typegroupid=3
passage_000524,doc_000005,Luật 67/2025/QH15 - Thuế thu nhập doanh nghiệp,Chương I - Những quy định chung. Điều 4 - Thu nhập được miễn thuế. Khoản 15: Chính phủ quy định chi tiết Điều này,https://vanban.chinhphu.vn/?classid=1&docid=214607&pageid=27160&typegroupid=3
passage_000525,doc_000005,Luật 67/2025/QH15 - Thuế thu nhập doanh nghiệp,"Chương I - Những quy định chung. Điều 5 - Kỳ tính thuế. Khoản 1: Kỳ tính thuế thu nhập doanh nghiệp được xác định theo năm dương lịch hoặc năm tài chính do doanh nghiệp lựa chọn, trừ trường hợp quy định tại khoản 2 Điều này. Trường hợp doanh nghiệp lựa chọn năm tài chính khác với năm dương lịch thì thông báo với cơ quan thuế quản lý trực tiếp trước khi thực hiện",https://vanban.chinhphu.vn/?classid=1&docid=214607&pageid=27160&typegroupid=3
passage_000526,doc_000005,Luật 67/2025/QH15 - Thuế thu nhập doanh nghiệp,"Chương I - Những quy định chung. Điều 5 - Kỳ tính thuế. Khoản 2: Kỳ tính thuế đối với doanh nghiệp quy định tại điểm c, điểm d khoản 2 Điều 2 của Luật này thực hiện theo quy định của pháp luật về quản lý thuế",https://vanban.chinhphu.vn/?classid=1&docid=214607&pageid=27160&typegroupid=3
passage_000527,doc_000005,Luật 67/2025/QH15 - Thuế thu nhập doanh nghiệp,Chương II - Căn cứ và phương pháp tính thuế. Điều 6 - Căn cứ tính thuế: Căn cứ tính thuế là thu nhập tính thuế và thuế suất,https://vanban.chinhphu.vn/?classid=1&docid=214607&pageid=27160&typegroupid=3
passage_000528,doc_000005,Luật 67/2025/QH15 - Thuế thu nhập doanh nghiệp,"Chương II - Căn cứ và phương pháp tính thuế. Điều 7 - Xác định thu nhập tính thuế. Khoản 3: Doanh nghiệp có nhiều hoạt động sản xuất, kinh doanh trong kỳ tính thuế thì thu nhập chịu thuế từ hoạt động sản xuất, kinh doanh là tổng thu nhập của tất cả các hoạt động sản xuất, kinh doanh. Trường hợp có hoạt động sản xuất, kinh doanh bị lỗ thì được bù trừ số lỗ vào thu nhập chịu thuế của các hoạt động sản xuất, kinh doanh có thu nhập do doanh nghiệp tự lựa chọn (trừ thu nhập từ hoạt động chuyển nhượng bất động sản, chuyển nhượng dự án đầu tư, chuyển nhượng quyền tham gia dự án đầu tư không bù trừ với thu nhập của hoạt động sản xuất, kinh doanh đang được hưởng ưu đãi thuế). Phần thu nhập còn lại sau khi bù trừ áp dụng mức thuế suất thuế thu nhập doanh nghiệp của hoạt động sản xuất, kinh doanh còn thu nhập",https://vanban.chinhphu.vn/?classid=1&docid=214607&pageid=27160&typegroupid=3
passage_000529,doc_000005,Luật 67/2025/QH15 - Thuế thu nhập doanh nghiệp,"Chương II - Căn cứ và phương pháp tính thuế. Điều 7 - Xác định thu nhập tính thuế. Khoản 4: Thu nhập chịu thuế từ hoạt động chuyển nhượng dự án đầu tư thăm dò, khai thác, chế biến khoáng sản; chuyển nhượng quyền tham gia dự án đầu tư thăm dò, khai thác, chế biến khoáng sản; chuyển nhượng quyền thăm dò, khai thác, chế biến khoáng sản phải xác định riêng để kê khai nộp thuế, không được bù trừ lỗ, lãi với hoạt động sản xuất, kinh doanh trong kỳ tính thuế",https://vanban.chinhphu.vn/?classid=1&docid=214607&pageid=27160&typegroupid=3
passage_000530,doc_000005,Luật 67/2025/QH15 - Thuế thu nhập doanh nghiệp,"Chương II - Căn cứ và phương pháp tính thuế. Điều 8 - Doanh thu. Khoản 1: Doanh thu để tính thu nhập chịu thuế là toàn bộ tiền bán hàng, tiền gia công, tiền cung ứng dịch vụ kể cả trợ giá, phụ thu, phụ trội mà doanh nghiệp được hưởng, không phân biệt đã thu được tiền hay chưa thu được tiền",https://vanban.chinhphu.vn/?classid=1&docid=214607&pageid=27160&typegroupid=3
passage_000531,doc_000005,Luật 67/2025/QH15 - Thuế thu nhập doanh nghiệp,Chương II - Căn cứ và phương pháp tính thuế. Điều 8 - Doanh thu. Khoản 2: Chính phủ quy định chi tiết Điều này,https://vanban.chinhphu.vn/?classid=1&docid=214607&pageid=27160&typegroupid=3
passage_000532,doc_000005,Luật 67/2025/QH15 - Thuế thu nhập doanh nghiệp,"Chương II - Căn cứ và phương pháp tính thuế. Điều 9 - Các khoản chi được trừ và không được trừ khi xác định thu nhập chịu thuế. Khoản 1, điểm a: Khoản chi thực tế phát sinh liên quan đến hoạt động sản xuất, kinh doanh của doanh nghiệp, bao gồm cả khoản chi phí bổ sung được trừ theo tỷ lệ phần trăm tính trên chi phí thực tế phát sinh trong kỳ tính thuế liên quan đến hoạt động nghiên cứu và phát triển của doanh nghiệp",https://vanban.chinhphu.vn/?classid=1&docid=214607&pageid=27160&typegroupid=3
passage_000533,doc_000005,Luật 67/2025/QH15 - Thuế thu nhập doanh nghiệp,"Chương II - Căn cứ và phương pháp tính thuế. Điều 9 - Các khoản chi được trừ và không được trừ khi xác định thu nhập chịu thuế. Khoản 1, điểm b.1: Khoản chi cho thực hiện nhiệm vụ giáo dục quốc phòng và an ninh, huấn luyện, hoạt động của lực lượng dân quân tự vệ và phục vụ các nhiệm vụ quốc phòng, an ninh khác theo quy định của pháp luật",https://vanban.chinhphu.vn/?classid=1&docid=214607&pageid=27160&typegroupid=3
passage_000534,doc_000005,Luật 67/2025/QH15 - Thuế thu nhập doanh nghiệp,"Chương II - Căn cứ và phương pháp tính thuế. Điều 9 - Các khoản chi được trừ và không được trừ khi xác định thu nhập chịu thuế. Khoản 1, điểm b.2: Khoản chi hỗ trợ phục vụ cho hoạt động của tổ chức đảng, tổ chức chính trị - xã hội trong doanh nghiệp",https://vanban.chinhphu.vn/?classid=1&docid=214607&pageid=27160&typegroupid=3
passage_000535,doc_000005,Luật 67/2025/QH15 - Thuế thu nhập doanh nghiệp,"Chương II - Căn cứ và phương pháp tính thuế. Điều 9 - Các khoản chi được trừ và không được trừ khi xác định thu nhập chịu thuế. Khoản 1, điểm b.3: Khoản chi cho hoạt động giáo dục nghề nghiệp, đào tạo nghề nghiệp cho người lao động theo quy định của pháp luật",https://vanban.chinhphu.vn/?classid=1&docid=214607&pageid=27160&typegroupid=3
passage_000536,doc_000005,Luật 67/2025/QH15 - Thuế thu nhập doanh nghiệp,"Chương II - Căn cứ và phương pháp tính thuế. Điều 9 - Các khoản chi được trừ và không được trừ khi xác định thu nhập chịu thuế. Khoản 1, điểm b.4: Khoản chi thực tế cho hoạt động phòng, chống HIV/AIDS nơi làm việc của doanh nghiệp",https://vanban.chinhphu.vn/?classid=1&docid=214607&pageid=27160&typegroupid=3
passage_000537,doc_000005,Luật 67/2025/QH15 - Thuế thu nhập doanh nghiệp,"Chương II - Căn cứ và phương pháp tính thuế. Điều 9 - Các khoản chi được trừ và không được trừ khi xác định thu nhập chịu thuế. Khoản 1, điểm b.5: Khoản tài trợ cho giáo dục, y tế, văn hóa; khoản tài trợ cho phòng, chống, khắc phục hậu quả thiên tai, dịch bệnh, làm nhà đại đoàn kết, nhà tình nghĩa, nhà cho các đối tượng chính sách theo quy định của pháp luật; khoản tài trợ theo quy định của Chính phủ, Thủ tướng Chính phủ dành cho các địa phương thuộc địa bàn có điều kiện kinh tế - xã hội đặc biệt khó khăn; khoản tài trợ cho nghiên cứu khoa học, phát triển công nghệ và đổi mới sáng tạo, chuyển đổi số",https://vanban.chinhphu.vn/?classid=1&docid=214607&pageid=27160&typegroupid=3
passage_000538,doc_000005,Luật 67/2025/QH15 - Thuế thu nhập doanh nghiệp,"Chương II - Căn cứ và phương pháp tính thuế. Điều 9 - Các khoản chi được trừ và không được trừ khi xác định thu nhập chịu thuế. Khoản 1, điểm b.6: Khoản chi cho nghiên cứu khoa học, phát triển công nghệ và đổi mới sáng tạo, chuyển đổi số",https://vanban.chinhphu.vn/?classid=1&docid=214607&pageid=27160&typegroupid=3
passage_000539,doc_000005,Luật 67/2025/QH15 - Thuế thu nhập doanh nghiệp,"Chương II - Căn cứ và phương pháp tính thuế. Điều 9 - Các khoản chi được trừ và không được trừ khi xác định thu nhập chịu thuế. Khoản 1, điểm b.7: Phần giá trị tổn thất do thiên tai, dịch bệnh và trường hợp bất khả kháng khác không được bồi thường",https://vanban.chinhphu.vn/?classid=1&docid=214607&pageid=27160&typegroupid=3
passage_000540,doc_000005,Luật 67/2025/QH15 - Thuế thu nhập doanh nghiệp,"Chương II - Căn cứ và phương pháp tính thuế. Điều 9 - Các khoản chi được trừ và không được trừ khi xác định thu nhập chịu thuế. Khoản 1, điểm b.8: Khoản chi thực tế cho người được biệt phái tham gia quản trị, điều hành, kiểm soát tổ chức tín dụng được kiểm soát đặc biệt, ngân hàng thương mại được chuyển giao bắt buộc theo quy định của Luật Các tổ chức tín dụng",https://vanban.chinhphu.vn/?classid=1&docid=214607&pageid=27160&typegroupid=3
passage_000541,doc_000005,Luật 67/2025/QH15 - Thuế thu nhập doanh nghiệp,"Chương II - Căn cứ và phương pháp tính thuế. Điều 9 - Các khoản chi được trừ và không được trừ khi xác định thu nhập chịu thuế. Khoản 1, điểm b.9: Một số khoản chi phục vụ sản xuất, kinh doanh của doanh nghiệp nhưng chưa tương ứng với doanh thu phát sinh trong kỳ theo quy định của Chính phủ",https://vanban.chinhphu.vn/?classid=1&docid=214607&pageid=27160&typegroupid=3
passage_000542,doc_000005,Luật 67/2025/QH15 - Thuế thu nhập doanh nghiệp,"Chương II - Căn cứ và phương pháp tính thuế. Điều 9 - Các khoản chi được trừ và không được trừ khi xác định thu nhập chịu thuế. Khoản 1, điểm b.10: Một số khoản chi hỗ trợ xây dựng công trình công cộng, đồng thời phục vụ hoạt động sản xuất, kinh doanh của doanh nghiệp",https://vanban.chinhphu.vn/?classid=1&docid=214607&pageid=27160&typegroupid=3
passage_000543,doc_000005,Luật 67/2025/QH15 - Thuế thu nhập doanh nghiệp,"Chương II - Căn cứ và phương pháp tính thuế. Điều 9 - Các khoản chi được trừ và không được trừ khi xác định thu nhập chịu thuế. Khoản 1, điểm b.11: Chi phí liên quan đến việc giảm phát thải khí nhà kính nhằm trung hoà các-bon và net zero, giảm ô nhiễm môi trường, đồng thời liên quan đến hoạt động sản xuất, kinh doanh của doanh nghiệp",https://vanban.chinhphu.vn/?classid=1&docid=214607&pageid=27160&typegroupid=3
passage_000544,doc_000005,Luật 67/2025/QH15 - Thuế thu nhập doanh nghiệp,"Chương II - Căn cứ và phương pháp tính thuế. Điều 9 - Các khoản chi được trừ và không được trừ khi xác định thu nhập chịu thuế. Khoản 1, điểm b.12: Một số khoản đóng góp vào các quỹ được thành lập theo quyết định của Thủ tướng Chính phủ và quy định của Chính phủ",https://vanban.chinhphu.vn/?classid=1&docid=214607&pageid=27160&typegroupid=3
passage_000545,doc_000005,Luật 67/2025/QH15 - Thuế thu nhập doanh nghiệp,"Chương II - Căn cứ và phương pháp tính thuế. Điều 9 - Các khoản chi được trừ và không được trừ khi xác định thu nhập chịu thuế. Khoản 1, điểm c: Các khoản chi có đủ hoá đơn, chứng từ thanh toán không dùng tiền mặt theo quy định của pháp luật, trừ các trường hợp đặc thù theo quy định của Chính phủ",https://vanban.chinhphu.vn/?classid=1&docid=214607&pageid=27160&typegroupid=3
passage_000546,doc_000005,Luật 67/2025/QH15 - Thuế thu nhập doanh nghiệp,"Chương II - Căn cứ và phương pháp tính thuế. Điều 9 - Các khoản chi được trừ và không được trừ khi xác định thu nhập chịu thuế. Khoản 2, điểm a: Khoản chi không đáp ứng đủ các điều kiện quy định tại khoản 1 Điều này",https://vanban.chinhphu.vn/?classid=1&docid=214607&pageid=27160&typegroupid=3
passage_000547,doc_000005,Luật 67/2025/QH15 - Thuế thu nhập doanh nghiệp,"Chương II - Căn cứ và phương pháp tính thuế. Điều 9 - Các khoản chi được trừ và không được trừ khi xác định thu nhập chịu thuế. Khoản 2, điểm b: Khoản tiền phạt do vi phạm hành chính",https://vanban.chinhphu.vn/?classid=1&docid=214607&pageid=27160&typegroupid=3
passage_000548,doc_000005,Luật 67/2025/QH15 - Thuế thu nhập doanh nghiệp,"Chương II - Căn cứ và phương pháp tính thuế. Điều 9 - Các khoản chi được trừ và không được trừ khi xác định thu nhập chịu thuế. Khoản 2, điểm c: Khoản chi được bù đắp bằng nguồn kinh phí khác",https://vanban.chinhphu.vn/?classid=1&docid=214607&pageid=27160&typegroupid=3
passage_000549,doc_000005,Luật 67/2025/QH15 - Thuế thu nhập doanh nghiệp,"Chương II - Căn cứ và phương pháp tính thuế. Điều 9 - Các khoản chi được trừ và không được trừ khi xác định thu nhập chịu thuế. Khoản 2, điểm d: Phần chi vượt mức do Chính phủ quy định đối với: chi phí quản lý kinh doanh do doanh nghiệp nước ngoài phân bổ cho cơ sở thường trú tại Việt Nam; chi phí thuê quản lý hoạt động kinh doanh trò chơi điện tử có thưởng, kinh doanh casino; chi trả lãi tiền vay của doanh nghiệp có giao dịch liên kết; chi có tính chất phúc lợi trực tiếp cho người lao động; khoản đóng góp tham gia bảo hiểm hưu trí bổ sung theo quy định của Luật Bảo hiểm xã hội hoặc quỹ có tính chất an sinh xã hội, mua bảo hiểm hưu trí tự nguyện, bảo hiểm nhân thọ cho người lao động",https://vanban.chinhphu.vn/?classid=1&docid=214607&pageid=27160&typegroupid=3
passage_000550,doc_000005,Luật 67/2025/QH15 - Thuế thu nhập doanh nghiệp,"Chương II - Căn cứ và phương pháp tính thuế. Điều 9 - Các khoản chi được trừ và không được trừ khi xác định thu nhập chịu thuế. Khoản 2, điểm đ: Phần trích lập không đúng hoặc vượt mức theo quy định của pháp luật về trích lập dự phòng",https://vanban.chinhphu.vn/?classid=1&docid=214607&pageid=27160&typegroupid=3
passage_000551,doc_000005,Luật 67/2025/QH15 - Thuế thu nhập doanh nghiệp,"Chương II - Căn cứ và phương pháp tính thuế. Điều 9 - Các khoản chi được trừ và không được trừ khi xác định thu nhập chịu thuế. Khoản 2, điểm e: Khoản trích khấu hao tài sản cố định không đúng hoặc vượt mức quy định của pháp luật",https://vanban.chinhphu.vn/?classid=1&docid=214607&pageid=27160&typegroupid=3
passage_000552,doc_000005,Luật 67/2025/QH15 - Thuế thu nhập doanh nghiệp,"Chương II - Căn cứ và phương pháp tính thuế. Điều 9 - Các khoản chi được trừ và không được trừ khi xác định thu nhập chịu thuế. Khoản 2, điểm g: Khoản trích trước vào chi phí không đúng quy định của pháp luật",https://vanban.chinhphu.vn/?classid=1&docid=214607&pageid=27160&typegroupid=3
passage_000553,doc_000005,Luật 67/2025/QH15 - Thuế thu nhập doanh nghiệp,"Chương II - Căn cứ và phương pháp tính thuế. Điều 9 - Các khoản chi được trừ và không được trừ khi xác định thu nhập chịu thuế. Khoản 2, điểm h: Tiền lương, tiền công của chủ doanh nghiệp tư nhân, chủ công ty trách nhiệm hữu hạn một thành viên do cá nhân làm chủ; thù lao trả cho sáng lập viên doanh nghiệp không trực tiếp tham gia điều hành sản xuất, kinh doanh; tiền lương, tiền công, các khoản hạch toán chi khác để chi trả cho người lao động nhưng thực tế không chi trả hoặc không có hóa đơn, chứng từ theo quy định của pháp luật",https://vanban.chinhphu.vn/?classid=1&docid=214607&pageid=27160&typegroupid=3
passage_000554,doc_000005,Luật 67/2025/QH15 - Thuế thu nhập doanh nghiệp,"Chương II - Căn cứ và phương pháp tính thuế. Điều 9 - Các khoản chi được trừ và không được trừ khi xác định thu nhập chịu thuế. Khoản 2, điểm i: Phần chi trả lãi tiền vay tương ứng với phần vốn điều lệ còn thiếu; lãi tiền vay trong quá trình đầu tư đã được ghi nhận vào giá trị đầu tư; lãi vay để triển khai thực hiện các hợp đồng tìm kiếm, thăm dò và khai thác dầu khí; phần chi trả lãi tiền vay vốn sản xuất, kinh doanh của đối tượng không phải là tổ chức tín dụng vượt mức theo quy định của Bộ luật Dân sự",https://vanban.chinhphu.vn/?classid=1&docid=214607&pageid=27160&typegroupid=3
passage_000555,doc_000005,Luật 67/2025/QH15 - Thuế thu nhập doanh nghiệp,"Chương II - Căn cứ và phương pháp tính thuế. Điều 9 - Các khoản chi được trừ và không được trừ khi xác định thu nhập chịu thuế. Khoản 2, điểm k: Phần chi phí được phép thu hồi vượt quá tỷ lệ quy định tại hợp đồng dầu khí được duyệt; trường hợp hợp đồng dầu khí không quy định về tỷ lệ thu hồi chi phí thì phần chi phí vượt trên mức do Chính phủ quy định không được tính vào chi phí được trừ",https://vanban.chinhphu.vn/?classid=1&docid=214607&pageid=27160&typegroupid=3
passage_000556,doc_000005,Luật 67/2025/QH15 - Thuế thu nhập doanh nghiệp,"Chương II - Căn cứ và phương pháp tính thuế. Điều 9 - Các khoản chi được trừ và không được trừ khi xác định thu nhập chịu thuế. Khoản 2, điểm l: Phần thuế giá trị gia tăng đầu vào đã được khấu trừ; thuế giá trị gia tăng nộp theo phương pháp khấu trừ; thuế giá trị gia tăng đầu vào của phần giá trị xe ô tô chở người từ 09 chỗ ngồi trở xuống vượt mức do Chính phủ quy định; thuế thu nhập doanh nghiệp; các khoản thuế, phí, lệ phí, thu khác không được tính vào chi phí theo quy định của pháp luật và tiền chậm nộp theo quy định của pháp luật về quản lý thuế. Phần thuế giá trị gia tăng nộp theo phương pháp khấu trừ quy định tại điểm này không bao gồm phần thuế giá trị gia tăng của hàng hóa, dịch vụ đầu vào có liên quan trực tiếp đến sản xuất, kinh doanh của doanh nghiệp chưa được khấu trừ hết nhưng không thuộc trường hợp hoàn thuế. Số thuế giá trị gia tăng đầu vào khi đã được tính vào chi phí được trừ thì không được khấu trừ với số thuế giá trị gia tăng đầu ra",https://vanban.chinhphu.vn/?classid=1&docid=214607&pageid=27160&typegroupid=3
passage_000557,doc_000005,Luật 67/2025/QH15 - Thuế thu nhập doanh nghiệp,"Chương II - Căn cứ và phương pháp tính thuế. Điều 9 - Các khoản chi được trừ và không được trừ khi xác định thu nhập chịu thuế. Khoản 2, điểm m: Khoản chi không tương ứng với doanh thu tính thuế, trừ các khoản chi quy định tại điểm b khoản 1 Điều này; khoản chi không đáp ứng điều kiện chi, nội dung chi theo quy định của pháp luật chuyên ngành",https://vanban.chinhphu.vn/?classid=1&docid=214607&pageid=27160&typegroupid=3
passage_000558,doc_000005,Luật 67/2025/QH15 - Thuế thu nhập doanh nghiệp,"Chương II - Căn cứ và phương pháp tính thuế. Điều 9 - Các khoản chi được trừ và không được trừ khi xác định thu nhập chịu thuế. Khoản 2, điểm n: Khoản tài trợ, trừ khoản tài trợ quy định tại tiểu điểm b5 điểm b khoản 1 Điều này",https://vanban.chinhphu.vn/?classid=1&docid=214607&pageid=27160&typegroupid=3
passage_000559,doc_000005,Luật 67/2025/QH15 - Thuế thu nhập doanh nghiệp,"Chương II - Căn cứ và phương pháp tính thuế. Điều 9 - Các khoản chi được trừ và không được trừ khi xác định thu nhập chịu thuế. Khoản 2, điểm o: Chi về đầu tư xây dựng cơ bản trong giai đoạn đầu tư để hình thành tài sản cố định; chi liên quan trực tiếp đến việc tăng, giảm vốn chủ sở hữu của doanh nghiệp",https://vanban.chinhphu.vn/?classid=1&docid=214607&pageid=27160&typegroupid=3
passage_000560,doc_000005,Luật 67/2025/QH15 - Thuế thu nhập doanh nghiệp,"Chương II - Căn cứ và phương pháp tính thuế. Điều 9 - Các khoản chi được trừ và không được trừ khi xác định thu nhập chịu thuế. Khoản 2, điểm p: Các khoản chi của hoạt động kinh doanh: ngân hàng, bảo hiểm, xổ số, chứng khoán, hợp đồng BT, BOT, BTO không đúng hoặc vượt mức quy định của pháp luật",https://vanban.chinhphu.vn/?classid=1&docid=214607&pageid=27160&typegroupid=3
passage_000561,doc_000005,Luật 67/2025/QH15 - Thuế thu nhập doanh nghiệp,"Chương II - Căn cứ và phương pháp tính thuế. Điều 9 - Các khoản chi được trừ và không được trừ khi xác định thu nhập chịu thuế. Khoản 2, điểm q: Các khoản chi khác",https://vanban.chinhphu.vn/?classid=1&docid=214607&pageid=27160&typegroupid=3
passage_000562,doc_000005,Luật 67/2025/QH15 - Thuế thu nhập doanh nghiệp,"Chương II - Căn cứ và phương pháp tính thuế. Điều 9 - Các khoản chi được trừ và không được trừ khi xác định thu nhập chịu thuế. Khoản 3: Chính phủ quy định chi tiết Điều này, bao gồm cả mức chi bổ sung, điều kiện, thời gian và phạm vi áp dụng đối với khoản chi cho hoạt động nghiên cứu và phát triển của doanh nghiệp quy định tại điểm a khoản 1 Điều này. Bộ Tài chính quy định hồ sơ của khoản chi được tính vào chi phí được trừ quy định tại điểm b, điểm c khoản 1 Điều này",https://vanban.chinhphu.vn/?classid=1&docid=214607&pageid=27160&typegroupid=3
passage_000563,doc_000005,Luật 67/2025/QH15 - Thuế thu nhập doanh nghiệp,"Chương II - Căn cứ và phương pháp tính thuế. Điều 10 - Thuế suất. Khoản 1: Thuế suất thuế thu nhập doanh nghiệp là 20%, trừ trường hợp quy định tại các khoản 2, 3 và 4 Điều này và đối tượng được ưu đãi về thuế suất quy định tại Điều 13 của Luật này",https://vanban.chinhphu.vn/?classid=1&docid=214607&pageid=27160&typegroupid=3
passage_000564,doc_000005,Luật 67/2025/QH15 - Thuế thu nhập doanh nghiệp,Chương II - Căn cứ và phương pháp tính thuế. Điều 10 - Thuế suất. Khoản 2: Thuế suất 15% áp dụng đối với doanh nghiệp có tổng doanh thu năm không quá 03 tỷ đồng,https://vanban.chinhphu.vn/?classid=1&docid=214607&pageid=27160&typegroupid=3
passage_000565,doc_000005,Luật 67/2025/QH15 - Thuế thu nhập doanh nghiệp,"Chương II - Căn cứ và phương pháp tính thuế. Điều 10 - Thuế suất. Khoản 3: Thuế suất 17% áp dụng đối với doanh nghiệp có tổng doanh thu năm từ trên 03 tỷ đồng đến không quá 50 tỷ đồng. Doanh thu làm căn cứ xác định doanh nghiệp thuộc đối tượng được áp dụng thuế suất 15% và 17% quy định tại khoản 2, khoản 3 Điều này là tổng doanh thu của kỳ tính thuế thu nhập doanh nghiệp trước liền kề. Việc xác định tổng doanh thu làm căn cứ áp dụng thực hiện theo quy định của Chính phủ",https://vanban.chinhphu.vn/?classid=1&docid=214607&pageid=27160&typegroupid=3
passage_000566,doc_000005,Luật 67/2025/QH15 - Thuế thu nhập doanh nghiệp,"Chương II - Căn cứ và phương pháp tính thuế. Điều 10 - Thuế suất. Khoản 4, điểm a: Đối với hoạt động tìm kiếm, thăm dò và khai thác dầu khí từ 25% đến 50%. Căn cứ vào vị trí, điều kiện khai thác và trữ lượng mỏ, Thủ tướng Chính phủ quyết định mức thuế suất cụ thể phù hợp với từng hợp đồng dầu khí",https://vanban.chinhphu.vn/?classid=1&docid=214607&pageid=27160&typegroupid=3
passage_000567,doc_000005,Luật 67/2025/QH15 - Thuế thu nhập doanh nghiệp,"Chương II - Căn cứ và phương pháp tính thuế. Điều 10 - Thuế suất. Khoản 4, điểm b: Đối với hoạt động thăm dò, khai thác tài nguyên quý hiếm (bao gồm: bạch kim, vàng, bạc, thiếc, wonfram, antimoan, đá quý, đất hiếm và tài nguyên quý hiếm khác theo quy định của pháp luật) là 50%. Trường hợp các mỏ có từ 70% diện tích được giao trở lên ở địa bàn có điều kiện kinh tế - xã hội đặc biệt khó khăn, thuế suất là 40%",https://vanban.chinhphu.vn/?classid=1&docid=214607&pageid=27160&typegroupid=3
passage_000568,doc_000005,Luật 67/2025/QH15 - Thuế thu nhập doanh nghiệp,"Chương II - Căn cứ và phương pháp tính thuế. Điều 11 - Phương pháp tính thuế. Khoản 1: Số thuế thu nhập doanh nghiệp phải nộp trong kỳ tính thuế được tính bằng thu nhập tính thuế nhân với thuế suất, trừ trường hợp quy định tại khoản 2 Điều này",https://vanban.chinhphu.vn/?classid=1&docid=214607&pageid=27160&typegroupid=3
passage_000569,doc_000005,Luật 67/2025/QH15 - Thuế thu nhập doanh nghiệp,"Chương II - Căn cứ và phương pháp tính thuế. Điều 11 - Phương pháp tính thuế. Khoản 2, điểm a: Doanh nghiệp quy định tại điểm c, điểm d khoản 2 Điều 2 của Luật này; đối tượng thực hiện nghĩa vụ kê khai, nộp thuế, thời điểm và cách xác định doanh thu tính thu nhập chịu thuế phát sinh tại Việt Nam",https://vanban.chinhphu.vn/?classid=1&docid=214607&pageid=27160&typegroupid=3
passage_000570,doc_000005,Luật 67/2025/QH15 - Thuế thu nhập doanh nghiệp,"Chương II - Căn cứ và phương pháp tính thuế. Điều 11 - Phương pháp tính thuế. Khoản 2, điểm b: Doanh nghiệp có tổng doanh thu năm không quá 03 tỷ đồng quy định tại khoản 2 Điều 10 của Luật này trong trường hợp xác định được doanh thu nhưng không xác định được chi phí, thu nhập của hoạt động sản xuất, kinh doanh",https://vanban.chinhphu.vn/?classid=1&docid=214607&pageid=27160&typegroupid=3
passage_000571,doc_000005,Luật 67/2025/QH15 - Thuế thu nhập doanh nghiệp,"Chương II - Căn cứ và phương pháp tính thuế. Điều 11 - Phương pháp tính thuế. Khoản 2, điểm c: Hợp tác xã, liên hiệp hợp tác xã, đơn vị sự nghiệp và tổ chức khác quy định tại các điểm c, d và đ khoản 1 Điều 2 của Luật này có hoạt động sản xuất, kinh doanh hàng hoá, dịch vụ có thu nhập chịu thuế thu nhập doanh nghiệp (trừ thu nhập được miễn thuế quy định tại Điều 4 của Luật này) mà các đơn vị này hạch toán được doanh thu nhưng không xác định được chi phí, thu nhập của hoạt động sản xuất, kinh doanh",https://vanban.chinhphu.vn/?classid=1&docid=214607&pageid=27160&typegroupid=3
passage_000572,doc_000005,Luật 67/2025/QH15 - Thuế thu nhập doanh nghiệp,"Chương III - Ưu đãi thuế thu nhập doanh nghiệp. Điều 12 - Nguyên tắc, đối tượng áp dụng ưu đãi thuế thu nhập doanh nghiệp. Khoản 1: Doanh nghiệp được hưởng ưu đãi thuế thu nhập doanh nghiệp theo ngành, nghề ưu đãi thuế thu nhập doanh nghiệp, địa bàn ưu đãi thuế thu nhập doanh nghiệp quy định tại Điều này. Mức ưu đãi thuế thu nhập doanh nghiệp thực hiện theo quy định tại Điều 13, Điều 14 của Luật này. Trường hợp luật khác có quy định về ưu đãi thuế thu nhập doanh nghiệp khác với quy định của Luật này thì thực hiện theo quy định của Luật này, trừ Luật Thủ đô và các nghị quyết quy định cơ chế, chính sách đặc biệt, đặc thù của Quốc hội. Trong cùng một thời gian, nếu doanh nghiệp được hưởng nhiều mức ưu đãi thuế khác nhau theo quy định của Luật này đối với cùng một khoản thu nhập thì doanh nghiệp được lựa chọn áp dụng mức ưu đãi thuế có lợi nhất",https://vanban.chinhphu.vn/?classid=1&docid=214607&pageid=27160&typegroupid=3
passage_000573,doc_000005,Luật 67/2025/QH15 - Thuế thu nhập doanh nghiệp,"Chương III - Ưu đãi thuế thu nhập doanh nghiệp. Điều 12 - Nguyên tắc, đối tượng áp dụng ưu đãi thuế thu nhập doanh nghiệp. Khoản 2, điểm a: Ứng dụng công nghệ cao, đầu tư mạo hiểm cho phát triển công nghệ cao thuộc danh mục công nghệ cao được ưu tiên đầu tư phát triển theo quy định của Luật Công nghệ cao; ứng dụng công nghệ chiến lược theo quy định của pháp luật; ươm tạo công nghệ cao, ươm tạo doanh nghiệp công nghệ cao; đầu tư xây dựng - kinh doanh cơ sở ươm tạo công nghệ cao, ươm tạo doanh nghiệp công nghệ cao",https://vanban.chinhphu.vn/?classid=1&docid=214607&pageid=27160&typegroupid=3
passage_000574,doc_000005,Luật 67/2025/QH15 - Thuế thu nhập doanh nghiệp,"Chương III - Ưu đãi thuế thu nhập doanh nghiệp. Điều 12 - Nguyên tắc, đối tượng áp dụng ưu đãi thuế thu nhập doanh nghiệp. Khoản 2, điểm b: Sản xuất sản phẩm phần mềm; sản xuất sản phẩm an toàn thông tin mạng và cung cấp dịch vụ an toàn thông tin mạng đảm bảo các điều kiện theo quy định của pháp luật về an toàn thông tin mạng; sản xuất sản phẩm, cung cấp dịch vụ công nghệ số trọng điểm, sản xuất thiết bị điện tử theo quy định của pháp luật về công nghiệp công nghệ số; nghiên cứu và phát triển, thiết kế, sản xuất, đóng gói, kiểm thử sản phẩm chip bán dẫn; xây dựng trung tâm dữ liệu trí tuệ nhân tạo",https://vanban.chinhphu.vn/?classid=1&docid=214607&pageid=27160&typegroupid=3
passage_000575,doc_000005,Luật 67/2025/QH15 - Thuế thu nhập doanh nghiệp,"Chương III - Ưu đãi thuế thu nhập doanh nghiệp. Điều 12 - Nguyên tắc, đối tượng áp dụng ưu đãi thuế thu nhập doanh nghiệp. Khoản 2, điểm c.1: Sản phẩm công nghiệp hỗ trợ cho công nghệ cao theo quy định của Luật Công nghệ cao",https://vanban.chinhphu.vn/?classid=1&docid=214607&pageid=27160&typegroupid=3
passage_000576,doc_000005,Luật 67/2025/QH15 - Thuế thu nhập doanh nghiệp,"Chương III - Ưu đãi thuế thu nhập doanh nghiệp. Điều 12 - Nguyên tắc, đối tượng áp dụng ưu đãi thuế thu nhập doanh nghiệp. Khoản 2, điểm c.2: Sản phẩm công nghiệp hỗ trợ cho sản xuất sản phẩm các ngành dệt - may, da - giầy, điện tử - tin học (bao gồm cả thiết kế, sản xuất bán dẫn), sản xuất, lắp ráp ô tô, cơ khí chế tạo đến ngày Luật này có hiệu lực thi hành mà trong nước chưa sản xuất được hoặc đã sản xuất được nhưng phải đáp ứng tiêu chuẩn kỹ thuật của Liên minh Châu Âu hoặc tương đương (nếu có) theo quy định của Bộ trưởng Bộ Công Thương",https://vanban.chinhphu.vn/?classid=1&docid=214607&pageid=27160&typegroupid=3
passage_000577,doc_000005,Luật 67/2025/QH15 - Thuế thu nhập doanh nghiệp,"Chương III - Ưu đãi thuế thu nhập doanh nghiệp. Điều 12 - Nguyên tắc, đối tượng áp dụng ưu đãi thuế thu nhập doanh nghiệp. Khoản 2, điểm d: Sản xuất năng lượng tái tạo, năng lượng sạch, năng lượng từ việc tiêu hủy chất thải; bảo vệ môi trường; sản xuất vật liệu composit, các loại vật liệu xây dựng nhẹ, vật liệu quý hiếm; sản xuất quốc phòng, an ninh và sản xuất sản phẩm động viên công nghiệp theo quy định của pháp luật về công nghiệp quốc phòng, an ninh và động viên công nghiệp; sản xuất sản phẩm công nghiệp hóa chất trọng điểm và sản phẩm cơ khí trọng điểm theo quy định của pháp luật",https://vanban.chinhphu.vn/?classid=1&docid=214607&pageid=27160&typegroupid=3
passage_000578,doc_000005,Luật 67/2025/QH15 - Thuế thu nhập doanh nghiệp,"Chương III - Ưu đãi thuế thu nhập doanh nghiệp. Điều 12 - Nguyên tắc, đối tượng áp dụng ưu đãi thuế thu nhập doanh nghiệp. Khoản 2, điểm đ: Đầu tư phát triển nhà máy nước, nhà máy điện, hệ thống cấp thoát nước, cầu, đường bộ, đường sắt, cảng hàng không, cảng biển, cảng sông, sân bay, nhà ga và công trình cơ sở hạ tầng đặc biệt quan trọng khác do Thủ tướng Chính phủ quyết định",https://vanban.chinhphu.vn/?classid=1&docid=214607&pageid=27160&typegroupid=3
passage_000579,doc_000005,Luật 67/2025/QH15 - Thuế thu nhập doanh nghiệp,"Chương III - Ưu đãi thuế thu nhập doanh nghiệp. Điều 12 - Nguyên tắc, đối tượng áp dụng ưu đãi thuế thu nhập doanh nghiệp. Khoản 2, điểm e: Doanh nghiệp công nghệ cao, doanh nghiệp nông nghiệp ứng dụng công nghệ cao theo quy định của Luật Công nghệ cao; doanh nghiệp khoa học và công nghệ theo quy định của Luật Khoa học, công nghệ và đổi mới sáng tạo",https://vanban.chinhphu.vn/?classid=1&docid=214607&pageid=27160&typegroupid=3
passage_000580,doc_000005,Luật 67/2025/QH15 - Thuế thu nhập doanh nghiệp,"Chương III - Ưu đãi thuế thu nhập doanh nghiệp. Điều 12 - Nguyên tắc, đối tượng áp dụng ưu đãi thuế thu nhập doanh nghiệp. Khoản 2, điểm g.1: Có quy mô vốn đầu tư tối thiểu 12.000 tỷ đồng và thực hiện giải ngân tổng vốn đầu tư đăng ký không quá 05 năm kể từ ngày được phép đầu tư theo quy định của pháp luật về đầu tư",https://vanban.chinhphu.vn/?classid=1&docid=214607&pageid=27160&typegroupid=3
passage_000581,doc_000005,Luật 67/2025/QH15 - Thuế thu nhập doanh nghiệp,"Chương III - Ưu đãi thuế thu nhập doanh nghiệp. Điều 12 - Nguyên tắc, đối tượng áp dụng ưu đãi thuế thu nhập doanh nghiệp. Khoản 2, điểm g.2: Sử dụng công nghệ đáp ứng yêu cầu theo quy định của Bộ trưởng Bộ Khoa học và Công nghệ",https://vanban.chinhphu.vn/?classid=1&docid=214607&pageid=27160&typegroupid=3
passage_000582,doc_000005,Luật 67/2025/QH15 - Thuế thu nhập doanh nghiệp,"Chương III - Ưu đãi thuế thu nhập doanh nghiệp. Điều 12 - Nguyên tắc, đối tượng áp dụng ưu đãi thuế thu nhập doanh nghiệp. Khoản 2, điểm h: Dự án đầu tư thuộc đối tượng ưu đãi và hỗ trợ đầu tư đặc biệt quy định tại khoản 2 Điều 20 của Luật Đầu tư. Chính phủ quy định chi tiết về thời gian thực hiện giải ngân tổng vốn đầu tư đăng ký của các dự án quy định tại điểm này",https://vanban.chinhphu.vn/?classid=1&docid=214607&pageid=27160&typegroupid=3
passage_000583,doc_000005,Luật 67/2025/QH15 - Thuế thu nhập doanh nghiệp,"Chương III - Ưu đãi thuế thu nhập doanh nghiệp. Điều 12 - Nguyên tắc, đối tượng áp dụng ưu đãi thuế thu nhập doanh nghiệp. Khoản 2, điểm i: Trồng, chăm sóc, bảo vệ rừng; sản xuất, nhân và lai tạo giống cây trồng, vật nuôi; đầu tư bảo quản nông sản sau thu hoạch, bảo quản nông sản, thủy sản và thực phẩm; sản xuất, khai thác và tinh chế muối, trừ sản xuất muối quy định tại khoản 1 Điều 4 của Luật này",https://vanban.chinhphu.vn/?classid=1&docid=214607&pageid=27160&typegroupid=3
passage_000584,doc_000005,Luật 67/2025/QH15 - Thuế thu nhập doanh nghiệp,"Chương III - Ưu đãi thuế thu nhập doanh nghiệp. Điều 12 - Nguyên tắc, đối tượng áp dụng ưu đãi thuế thu nhập doanh nghiệp. Khoản 2, điểm k: Nuôi trồng lâm sản",https://vanban.chinhphu.vn/?classid=1&docid=214607&pageid=27160&typegroupid=3
passage_000585,doc_000005,Luật 67/2025/QH15 - Thuế thu nhập doanh nghiệp,"Chương III - Ưu đãi thuế thu nhập doanh nghiệp. Điều 12 - Nguyên tắc, đối tượng áp dụng ưu đãi thuế thu nhập doanh nghiệp. Khoản 2, điểm l: Sản phẩm cây trồng, rừng trồng, chăn nuôi, thủy sản nuôi trồng, chế biến nông sản, thủy sản. Thu nhập từ chế biến nông sản, thủy sản quy định tại điểm này phải đáp ứng các điều kiện quy định tại khoản 1 Điều 4 của Luật này",https://vanban.chinhphu.vn/?classid=1&docid=214607&pageid=27160&typegroupid=3
passage_000586,doc_000005,Luật 67/2025/QH15 - Thuế thu nhập doanh nghiệp,"Chương III - Ưu đãi thuế thu nhập doanh nghiệp. Điều 12 - Nguyên tắc, đối tượng áp dụng ưu đãi thuế thu nhập doanh nghiệp. Khoản 2, điểm m: Sản xuất thép cao cấp; sản xuất sản phẩm tiết kiệm năng lượng; sản xuất máy móc, thiết bị phục vụ cho sản xuất nông nghiệp, lâm nghiệp, ngư nghiệp, diêm nghiệp; sản xuất thiết bị tưới tiêu; sản xuất thức ăn gia súc, gia cầm, thủy sản",https://vanban.chinhphu.vn/?classid=1&docid=214607&pageid=27160&typegroupid=3
passage_000587,doc_000005,Luật 67/2025/QH15 - Thuế thu nhập doanh nghiệp,"Chương III - Ưu đãi thuế thu nhập doanh nghiệp. Điều 12 - Nguyên tắc, đối tượng áp dụng ưu đãi thuế thu nhập doanh nghiệp. Khoản 2, điểm n: Sản xuất, lắp ráp ô tô; sản xuất sản phẩm công nghệ số khác",https://vanban.chinhphu.vn/?classid=1&docid=214607&pageid=27160&typegroupid=3
passage_000588,doc_000005,Luật 67/2025/QH15 - Thuế thu nhập doanh nghiệp,"Chương III - Ưu đãi thuế thu nhập doanh nghiệp. Điều 12 - Nguyên tắc, đối tượng áp dụng ưu đãi thuế thu nhập doanh nghiệp. Khoản 2, điểm o: Đầu tư kinh doanh cơ sở kỹ thuật hỗ trợ doanh nghiệp nhỏ và vừa, cơ sở ươm tạo doanh nghiệp nhỏ và vừa; đầu tư kinh doanh khu làm việc chung hỗ trợ doanh nghiệp nhỏ và vừa khởi nghiệp sáng tạo theo quy định của Luật Hỗ trợ doanh nghiệp nhỏ và vừa",https://vanban.chinhphu.vn/?classid=1&docid=214607&pageid=27160&typegroupid=3
passage_000589,doc_000005,Luật 67/2025/QH15 - Thuế thu nhập doanh nghiệp,"Chương III - Ưu đãi thuế thu nhập doanh nghiệp. Điều 12 - Nguyên tắc, đối tượng áp dụng ưu đãi thuế thu nhập doanh nghiệp. Khoản 2, điểm p: Quỹ tín dụng nhân dân, tổ chức tài chính vi mô, ngân hàng hợp tác xã",https://vanban.chinhphu.vn/?classid=1&docid=214607&pageid=27160&typegroupid=3
passage_000590,doc_000005,Luật 67/2025/QH15 - Thuế thu nhập doanh nghiệp,"Chương III - Ưu đãi thuế thu nhập doanh nghiệp. Điều 12 - Nguyên tắc, đối tượng áp dụng ưu đãi thuế thu nhập doanh nghiệp. Khoản 2, điểm q: Hợp tác xã, liên hiệp hợp tác xã hoạt động trong lĩnh vực nông nghiệp, lâm nghiệp, ngư nghiệp, diêm nghiệp",https://vanban.chinhphu.vn/?classid=1&docid=214607&pageid=27160&typegroupid=3
passage_000591,doc_000005,Luật 67/2025/QH15 - Thuế thu nhập doanh nghiệp,"Chương III - Ưu đãi thuế thu nhập doanh nghiệp. Điều 12 - Nguyên tắc, đối tượng áp dụng ưu đãi thuế thu nhập doanh nghiệp. Khoản 2, điểm r: Xã hội hóa trong các lĩnh vực giáo dục - đào tạo, dạy nghề, y tế, văn hóa, thể thao, môi trường theo Danh mục loại hình, tiêu chí quy mô, tiêu chuẩn do Thủ tướng Chính phủ quy định; giám định tư pháp",https://vanban.chinhphu.vn/?classid=1&docid=214607&pageid=27160&typegroupid=3
passage_000592,doc_000005,Luật 67/2025/QH15 - Thuế thu nhập doanh nghiệp,"Chương III - Ưu đãi thuế thu nhập doanh nghiệp. Điều 12 - Nguyên tắc, đối tượng áp dụng ưu đãi thuế thu nhập doanh nghiệp. Khoản 2, điểm s: Đầu tư xây dựng nhà ở xã hội để bán, cho thuê, cho thuê mua đối với các đối tượng được hưởng chính sách hỗ trợ về nhà ở xã hội theo quy định của Luật Nhà ở",https://vanban.chinhphu.vn/?classid=1&docid=214607&pageid=27160&typegroupid=3
passage_000593,doc_000005,Luật 67/2025/QH15 - Thuế thu nhập doanh nghiệp,"Chương III - Ưu đãi thuế thu nhập doanh nghiệp. Điều 12 - Nguyên tắc, đối tượng áp dụng ưu đãi thuế thu nhập doanh nghiệp. Khoản 2, điểm t: Xuất bản theo quy định của Luật Xuất bản",https://vanban.chinhphu.vn/?classid=1&docid=214607&pageid=27160&typegroupid=3
passage_000594,doc_000005,Luật 67/2025/QH15 - Thuế thu nhập doanh nghiệp,"Chương III - Ưu đãi thuế thu nhập doanh nghiệp. Điều 12 - Nguyên tắc, đối tượng áp dụng ưu đãi thuế thu nhập doanh nghiệp. Khoản 2, điểm u: Báo chí (bao gồm cả quảng cáo trên báo) theo quy định của Luật Báo chí",https://vanban.chinhphu.vn/?classid=1&docid=214607&pageid=27160&typegroupid=3
passage_000595,doc_000005,Luật 67/2025/QH15 - Thuế thu nhập doanh nghiệp,"Chương III - Ưu đãi thuế thu nhập doanh nghiệp. Điều 12 - Nguyên tắc, đối tượng áp dụng ưu đãi thuế thu nhập doanh nghiệp. Khoản 3, điểm a: Địa bàn có điều kiện kinh tế - xã hội đặc biệt khó khăn",https://vanban.chinhphu.vn/?classid=1&docid=214607&pageid=27160&typegroupid=3
passage_000596,doc_000005,Luật 67/2025/QH15 - Thuế thu nhập doanh nghiệp,"Chương III - Ưu đãi thuế thu nhập doanh nghiệp. Điều 12 - Nguyên tắc, đối tượng áp dụng ưu đãi thuế thu nhập doanh nghiệp. Khoản 3, điểm b: Địa bàn có điều kiện kinh tế - xã hội khó khăn",https://vanban.chinhphu.vn/?classid=1&docid=214607&pageid=27160&typegroupid=3
passage_000597,doc_000005,Luật 67/2025/QH15 - Thuế thu nhập doanh nghiệp,"Chương III - Ưu đãi thuế thu nhập doanh nghiệp. Điều 12 - Nguyên tắc, đối tượng áp dụng ưu đãi thuế thu nhập doanh nghiệp. Khoản 3, điểm c: Khu kinh tế, khu công nghệ cao, khu nông nghiệp ứng dụng công nghệ cao, khu công nghệ số tập trung",https://vanban.chinhphu.vn/?classid=1&docid=214607&pageid=27160&typegroupid=3
passage_000598,doc_000005,Luật 67/2025/QH15 - Thuế thu nhập doanh nghiệp,"Chương III - Ưu đãi thuế thu nhập doanh nghiệp. Điều 12 - Nguyên tắc, đối tượng áp dụng ưu đãi thuế thu nhập doanh nghiệp. Khoản 4, điểm a: Trường hợp áp dụng ưu đãi thuế theo tiêu chí địa bàn",https://vanban.chinhphu.vn/?classid=1&docid=214607&pageid=27160&typegroupid=3
passage_000599,doc_000005,Luật 67/2025/QH15 - Thuế thu nhập doanh nghiệp,"Chương III - Ưu đãi thuế thu nhập doanh nghiệp. Điều 12 - Nguyên tắc, đối tượng áp dụng ưu đãi thuế thu nhập doanh nghiệp. Khoản 4, điểm b: Trường hợp ưu đãi thuế trong lĩnh vực nông nghiệp, lâm nghiệp, ngư nghiệp, diêm nghiệp",https://vanban.chinhphu.vn/?classid=1&docid=214607&pageid=27160&typegroupid=3
passage_000600,doc_000005,Luật 67/2025/QH15 - Thuế thu nhập doanh nghiệp,"Chương III - Ưu đãi thuế thu nhập doanh nghiệp. Điều 12 - Nguyên tắc, đối tượng áp dụng ưu đãi thuế thu nhập doanh nghiệp. Khoản 4, điểm c: Trường hợp trong kỳ tính thuế đầu tiên có doanh thu hoặc trong kỳ tính thuế đầu tiên có thu nhập từ dự án đầu tư của doanh nghiệp (bao gồm cả dự án đầu tư mới, dự án đầu tư mở rộng, doanh nghiệp công nghệ cao, doanh nghiệp nông nghiệp ứng dụng công nghệ cao, doanh nghiệp khoa học và công nghệ) có thời gian phát sinh doanh thu, thu nhập được hưởng ưu đãi thuế dưới 12 tháng",https://vanban.chinhphu.vn/?classid=1&docid=214607&pageid=27160&typegroupid=3
